{
    "name": "dissolve",
	"description": "you start with 20 hearts and every time you die you loose a heart until you loose them all and go in spectator",
    "type": "origins:multiple",
    "resource": {
        "type": "origins:resource",
        "start_value": 20,
        "min": 0,
        "max": 20,
        "hud_render": {"should_render": false}
    },
    "update": {
        "type": "origins:action_on_callback",
        "execute_chosen_when_orb": true,
        "entity_action_respawned": {
            "type": "origins:and",
            "actions": [
                {
                    "type": "origins:change_resource",
                    "operation": "add",
                    "resource": "*:*_resource",
                    "change": -1
                },
                {
                    "type": "origins:if_else",
                    "if_action": {
                        "type": "origins:execute_command",
                        "command": "gamemode spectator"
                    },
                    "condition": {
                        "type": "origins:resource",
                        "resource": "*:*_resource",
                        "comparison": "==",
                        "compare_to": 0
                    }
                }
            ]
        }
    },
    "base": {
        "type": "origins:attribute",
        "tick_rate": 20,
        "modifier": {
            "attribute": "minecraft:generic.max_health",
            "operation": "addition",
            "value": -20
        }
    },
    "1": {
        "type": "origins:conditioned_attribute",
        "modifier": {
            "attribute": "minecraft:generic.max_health",
            "operation": "addition",
            "value": 2
        },
        "tick_rate": 20,
        "condition": {
            "type": "origins:resource",
            "resource": "*:*_resource",
            "comparison": ">=",
            "compare_to": 1
        }
    },
    "2": {
        "type": "origins:conditioned_attribute",
        "modifier": {
            "attribute": "minecraft:generic.max_health",
            "operation": "addition",
            "value": 2
        },
        "tick_rate": 20,
        "condition": {
            "type": "origins:resource",
            "resource": "*:*_resource",
            "comparison": ">=",
            "compare_to": 2
        }
    },
    "3": {
        "type": "origins:conditioned_attribute",
        "modifier": {
            "attribute": "minecraft:generic.max_health",
            "operation": "addition",
            "value": 2
        },
        "tick_rate": 20,
        "condition": {
            "type": "origins:resource",
            "resource": "*:*_resource",
            "comparison": ">=",
            "compare_to": 3
        }
    },
    "4": {
        "type": "origins:conditioned_attribute",
        "modifier": {
            "attribute": "minecraft:generic.max_health",
            "operation": "addition",
            "value": 2
        },
        "tick_rate": 20,
        "condition": {
            "type": "origins:resource",
            "resource": "*:*_resource",
            "comparison": ">=",
            "compare_to": 4
        }
    },
    "5": {
        "type": "origins:conditioned_attribute",
        "modifier": {
            "attribute": "minecraft:generic.max_health",
            "operation": "addition",
            "value": 2
        },
        "tick_rate": 20,
        "condition": {
            "type": "origins:resource",
            "resource": "*:*_resource",
            "comparison": ">=",
            "compare_to": 5
        }
    },
    "6": {
        "type": "origins:conditioned_attribute",
        "modifier": {
            "attribute": "minecraft:generic.max_health",
            "operation": "addition",
            "value": 2
            },
        "tick_rate": 20,
            "condition": {
            "type": "origins:resource",
            "resource": "*:*_resource",
            "comparison": ">=",
            "compare_to": 6
        }
    },
    "7": {
        "type": "origins:conditioned_attribute",
        "modifier": {
            "attribute": "minecraft:generic.max_health",
            "operation": "addition",
            "value": 2
            },
        "tick_rate": 20,
            "condition": {
            "type": "origins:resource",
            "resource": "*:*_resource",
            "comparison": ">=",
            "compare_to": 7
        }
    },
    "8": {
        "type": "origins:conditioned_attribute",
        "modifier": {
            "attribute": "minecraft:generic.max_health",
            "operation": "addition",
            "value": 2
            },
        "tick_rate": 20,
            "condition": {
            "type": "origins:resource",
            "resource": "*:*_resource",
            "comparison": ">=",
            "compare_to": 8
        }
    },
    "9": {
        "type": "origins:conditioned_attribute",
        "modifier": {
            "attribute": "minecraft:generic.max_health",
            "operation": "addition",
            "value": 2
            },
        "tick_rate": 20,
            "condition": {
            "type": "origins:resource",
            "resource": "*:*_resource",
            "comparison": ">=",
            "compare_to": 9
        }
    },
    "10": {
        "type": "origins:conditioned_attribute",
        "modifier": {
            "attribute": "minecraft:generic.max_health",
            "operation": "addition",
            "value": 2
            },
        "tick_rate": 20,
            "condition": {
            "type": "origins:resource",
            "resource": "*:*_resource",
            "comparison": ">=",
            "compare_to": 10
        }
    },
    "11": {
        "type": "origins:conditioned_attribute",
        "modifier": {
            "attribute": "minecraft:generic.max_health",
            "operation": "addition",
            "value": 2
            },
        "tick_rate": 20,
            "condition": {
            "type": "origins:resource",
            "resource": "*:*_resource",
            "comparison": ">=",
            "compare_to": 11
        }
    },
    "12": {
        "type": "origins:conditioned_attribute",
        "modifier": {
            "attribute": "minecraft:generic.max_health",
            "operation": "addition",
            "value": 2
            },
        "tick_rate": 20,
            "condition": {
            "type": "origins:resource",
            "resource": "*:*_resource",
            "comparison": ">=",
            "compare_to": 12
        }
    },
    "13": {
        "type": "origins:conditioned_attribute",
        "modifier": {
            "attribute": "minecraft:generic.max_health",
            "operation": "addition",
            "value": 2
            },
        "tick_rate": 20,
            "condition": {
            "type": "origins:resource",
            "resource": "*:*_resource",
            "comparison": ">=",
            "compare_to": 13
        }
    },
    "14": {
        "type": "origins:conditioned_attribute",
        "modifier": {
            "attribute": "minecraft:generic.max_health",
            "operation": "addition",
            "value": 2
            },
        "tick_rate": 20,
            "condition": {
            "type": "origins:resource",
            "resource": "*:*_resource",
            "comparison": ">=",
            "compare_to": 14
        }
    },
    "15": {
        "type": "origins:conditioned_attribute",
        "modifier": {
            "attribute": "minecraft:generic.max_health",
            "operation": "addition",
            "value": 2
            },
        "tick_rate": 20,
            "condition": {
            "type": "origins:resource",
            "resource": "*:*_resource",
            "comparison": ">=",
            "compare_to": 15
        }
    },
    "16": {
        "type": "origins:conditioned_attribute",
        "modifier": {
            "attribute": "minecraft:generic.max_health",
            "operation": "addition",
            "value": 2
            },
        "tick_rate": 20,
            "condition": {
            "type": "origins:resource",
            "resource": "*:*_resource",
            "comparison": ">=",
            "compare_to": 16
        }
    },
    "17": {
        "type": "origins:conditioned_attribute",
        "modifier": {
            "attribute": "minecraft:generic.max_health",
            "operation": "addition",
            "value": 2
            },
        "tick_rate": 20,
            "condition": {
            "type": "origins:resource",
            "resource": "*:*_resource",
            "comparison": ">=",
            "compare_to": 17
        }
    },
    "18": {
        "type": "origins:conditioned_attribute",
        "modifier": {
            "attribute": "minecraft:generic.max_health",
            "operation": "addition",
            "value": 2
            },
        "tick_rate": 20,
            "condition": {
            "type": "origins:resource",
            "resource": "*:*_resource",
            "comparison": ">=",
            "compare_to": 18
        }
    },
    "19": {
        "type": "origins:conditioned_attribute",
        "modifier": {
            "attribute": "minecraft:generic.max_health",
            "operation": "addition",
            "value": 2
            },
        "tick_rate": 20,
            "condition": {
            "type": "origins:resource",
            "resource": "*:*_resource",
            "comparison": ">=",
            "compare_to": 19
        }
    },
    "20": {
        "type": "origins:conditioned_attribute",
        "modifier": {
            "attribute": "minecraft:generic.max_health",
            "operation": "addition",
            "value": 2
            },
        "tick_rate": 20,
            "condition": {
            "type": "origins:resource",
            "resource": "*:*_resource",
            "comparison": ">=",
            "compare_to": 20
        }
    }
}