{
	"name": "Mist Dispersion",
    "description": "You disperse your particles to dodge a single attack. Credit to Jumper.",
    "type": "origins:multiple",
    "iframes": {
        "type": "origins:modify_damage_taken",
        "modifier": {
            "operation": "multiply_total",
            "value": -1
        },
        "condition": {
            "type": "origins:resource",
            "resource": "*:*_charges",
            "comparison": "!=",
            "compare_to": 0
        },
        "damage_condition": {
            "type": "origins:or",
            "conditions": [
                {
                    "type": "origins:name",
                    "name": "cramming"
                },
                {
                    "type": "origins:name",
                    "name": "cactus"
                },
                {
                    "type": "origins:name",
                    "name": "magic"
                },
                {
                    "type": "origins:name",
                    "name": "generic"
                },
                {
                    "type": "origins:name",
                    "name": "anvil"
                },
                {
                    "type": "origins:name",
                    "name": "fallingBlock"
                },
                {
                    "type": "origins:name",
                    "name": "sweetBerryBush"
                },
                {
                    "type": "origins:name",
                    "name": "sting"
                },
                {
                    "type": "origins:name",
                    "name": "mob"
                },
                {
                    "type": "origins:name",
                    "name": "player"
                },
                {
                    "type": "origins:name",
                    "name": "arrow"
                },
                {
                    "type": "origins:name",
                    "name": "trident"
                },
                {
                    "type": "origins:name",
                    "name": "indirectMagic"
                },
                {
                    "type": "origins:name",
                    "name": "fireworks"
                },
                {
                    "type": "origins:name",
                    "name": "witherSkull"
                },
                {
                    "type": "origins:name",
                    "name": "thrown"
                },
                {
                    "type": "origins:name",
                    "name": "explosion.player"
                },
                {
                    "type": "origins:name",
                    "name": "explosion"
                }
            ]
        }
    },    
    "dodge": {
        "type": "origins:modify_damage_taken",
        "modifier": {
            "operation": "multiply_total",
            "value": 0
        },
        "condition": {
            "type": "origins:and",
            "conditions": [
                {
                    "type": "origins:resource",
                    "resource": "*:*_charges",
                    "comparison": "!=",
                    "compare_to": 0
                },
                {
                    "type": "origins:resource",
                    "resource": "*:*_iframecheck",
                    "comparison": "==",
                    "compare_to": 0
                }
            ]
        },
        "damage_condition": {
            "type": "origins:or",
            "conditions": [
                {
                    "type": "origins:name",
                    "name": "cramming"
                },
                {
                    "type": "origins:name",
                    "name": "cactus"
                },
                {
                    "type": "origins:name",
                    "name": "magic"
                },
                {
                    "type": "origins:name",
                    "name": "generic"
                },
                {
                    "type": "origins:name",
                    "name": "anvil"
                },
                {
                    "type": "origins:name",
                    "name": "fallingBlock"
                },
                {
                    "type": "origins:name",
                    "name": "sweetBerryBush"
                },
                {
                    "type": "origins:name",
                    "name": "sting"
                },
                {
                    "type": "origins:name",
                    "name": "mob"
                },
                {
                    "type": "origins:name",
                    "name": "player"
                },
                {
                    "type": "origins:name",
                    "name": "arrow"
                },
                {
                    "type": "origins:name",
                    "name": "trident"
                },
                {
                    "type": "origins:name",
                    "name": "indirectMagic"
                },
                {
                    "type": "origins:name",
                    "name": "fireworks"
                },
                {
                    "type": "origins:name",
                    "name": "witherSkull"
                },
                {
                    "type": "origins:name",
                    "name": "thrown"
                },
                {
                    "type": "origins:name",
                    "name": "explosion.player"
                },
                {
                    "type": "origins:name",
                    "name": "explosion"
                }
            ]
        },
        "self_action": {
            "type": "origins:and",
            "actions": [
                {
                    "type": "origins:change_resource",
                    "resource": "*:*_iframecheck",
                    "change": 1
                },
                {
                    "type": "origins:execute_command",
                    "command": "particle poof ~ ~1 ~ 0 0 0 0.1 50",
                    "permission_level": 5
                },
                {
                    "type": "origins:play_sound",
                    "sound": "minecraft:entity.wither.ambient",
                    "pitch": 4
                },
                {
                    "type": "origins:add_velocity",
                    "y": 1,
                    "set": true
                },
                {
                    "type": "origins:trigger_cooldown",
                    "power": "*:*_cooldown"
                },
                {
                    "type": "origins:change_resource",
                    "resource": "*:*_invis_timer",
                    "change": 1
                },
                {
                    "type": "origins:delay",
                    "ticks": 10,
                    "action": {
                        "type": "origins:change_resource",
                        "resource": "*:*_charges",
                        "change": -1
                    }
                },
                {
                    "type": "origins:delay",
                    "ticks": 10,
                    "action": {
                        "type": "origins:change_resource",
                        "resource": "*:*_iframecheck",
                        "change": -1
                    }
                }
            ]
        }
    },
    "cooldown": {
        "type": "origins:cooldown",
        "cooldown": 300,
        "hud_render": {
            "should_render": true,
            "sprite_location": "origins:textures/gui/community/spiderkolo/resource_bar_02.png",
            "bar_index": 6
        }
    },
    "invis": {
        "type": "origins:invisibility",
        "render_armor": false,
        "condition":                 {
            "type": "origins:resource",
            "resource": "*:*_invis_timer",
            "comparison": "==",
            "compare_to": 1
        }
    },
    "invis_timer": {
        "type": "origins:resource",
        "min": 0,
        "max": 1,
        "hud_render": {
            "should_render":false
        },
        "max_action": {
            "type": "origins:delay",
            "ticks": 10,
            "action": {
                "type": "origins:change_resource",
                "resource": "*:*_invis_timer",
                "change": -1
            }
        }
    },
    "charges": {
        "type": "origins:resource",
        "min": 0,
        "max": 1,
        "hud_render": {
            "should_render":false,
            "bar_index": 4
        },
        "start_value":1
    },
    "restore_charges": {
        "type": "origins:action_over_time",
        "interval": 2,
        "entity_action": {
            "type": "origins:change_resource",
            "resource": "*:*_charges",
            "change": 20
        },
        "condition": {
            "type": "origins:resource",
            "resource": "*:*_cooldown",
            "comparison": "==",
            "compare_to": 0
        }
    },
    "iframecheck": {
        "type": "origins:resource",
        "min": 0,
        "max": 1,
        "hud_render": {
            "should_render":false
        },
        "start_value": 0
    }
}

