{
	"type": "origins:self_action_when_hit",
	"cooldown": 0,
	"entity_action": {
		"type": "origins:add_velocity",
		"space": "velocity_horizontal_normalized",
		"set": false,
		"y": 0.5,
		"z": 1.0
	},
	"damage_condition": {
		"type": "origins:or",
		"inverted": false,
		"conditions": [{
				"type": "origins:name",
				"inverted": false,
				"name": "mob"
			},
			{
				"type": "origins:name",
				"inverted": false,
				"name": "player"
			},
			{
				"type": "origins:name",
				"inverted": false,
				"name": "thrown"
			},
			{
				"type": "origins:name",
				"inverted": false,
				"name": "thorns"
			}
		]
	},
	"hidden": true
}