{
	"name": "thank you pumpkin beloved",
	"type":"origins:multiple",
    "take_damage":{
        "type": "origins:self_action_when_hit",
        "entity_action": {
            "type": "origins:execute_command",
            "command": "playsound minecraft:entity.phantom.ambient voice @a ~ ~1 ~ 0.1"
        },
        "cooldown": 1
    },
    "death": {
        "type": "origins:action_over_time",
        "interval": 1,
        "entity_action": {
            "type": "origins:execute_command",
            "command": "playsound minecraft:entity.vex.death voice @a ~ ~ ~ 10"
        },
        "condition": {
            "type": "origins:command",
            "command": "data get entity @s DeathTime",
            "comparison": "==",
            "compare_to": 1
        }
    },
    "hidden": true
}