{
	"type": "origins:active_self",
	"entity_action": {
		"type": "origins:and",
		"actions": [{
				"type": "origins:execute_command",
				"command": "function raycast:start_ray",
				"permission_level": 4
			},
			{
				"type": "origins:change_resource",
				"resource": "warp:displacement",
				"change": 20
			}
		]
	},
	"cooldown": 80,
	"hud_render": {
		"should_render": true,
		"bar_index": 6
	},
	"key": {
		"key": "key.origins.primary_active"
	},
	"name": "Reformation",
	"description": "You can displace and reform in different locations where mist is present."
}