		{
"type": "origins:active_self",
		"name": "Boosting",
		"description": "You turn on the fans built into your glider for a boost forward.",
		"entity_action": {
		"type": "origins:and",
		    "actions": [
		      {
		        "type": "origins:add_velocity",
		        "z": 0.8,
		        "space": "local"
		      },
		      {
		        "type": "origins:execute_command",
		        "command": "playsound minecraft:entity.firework_rocket.launch master @s ~ ~ ~ 1 1"
		      }
		    ]
		  },
		  "condition": {
		    "type": "origins:fall_flying"
		  },
		  "cooldown": 60,
		  "hud_render": {
		    "should_render": true,
		    "bar_index": 4
		  },
		  "key": {
		    "key": "key.jump",
		    "continuous": false
		  }
		}
