{
	"powers": [
		"origins:scare_creepers",
		"catboy:nofalldamage",
		"catboy:nightvision",
		"catboy:sprintjump",
		"catboy:milk",
		"catboy:sneaky",
		"catboy:sneakycancel",
		"catboy:sneakytrans",
		"catboy:small",
		"catboy:waterweakness",
		"catboy:enemies",
		"catboy:wolfattack",
		"origins:nine_lives",
		"origins:carnivore",
		"catboy:weakarms"
	],
	"icon": "minecraft:milk_bucket",
	"order": 10,
	"impact": 2,
	"name": "Feline Rewritten",
	"description": "A rework of the default feline."
}
