{
	"type": "origins:multiple",

	"lava": {
		"type": "origins:walk_on_fluid",
		"fluid": "minecraft:lava",
		"condition": {
			"type": "origins:fluid_height",
			"fluid": "minecraft:lava",
			"comparison": "<=",
			"compare_to": 2
		}
	},


	"water": {
		"type": "origins:walk_on_fluid",
		"fluid": "minecraft:water",
		"condition": {
			"type": "origins:fluid_height",
			"fluid": "minecraft:water",
			"comparison": "<=",
			"compare_to": 2
		}
	},
	"lavadmg": {
		"type": "origins:fire_immunity"
	},
	"hidden": true
}