{
    "type": "origins:stacking_status_effect",
    "min_stacks": -10,
    "max_stacks": 2,
    "duration_per_stack": 6,
    "effect":
    {
        "is_ambient": false,
        "show_particles": false,
        "show_icon": false,
        "effect": "slow_falling",
        "duration": 0
    },
    "condition":
    {
        "type": "origins:or",
        "inverted": true,
        "conditions": [
            {
                "type": "origins:sneaking",
                "inverted": false
            },
            {
                "type": "origins:fluid_height",
                "fluid": "minecraft:water",
                "comparison": ">",
                "compare_to": 0.0
            }
        ]
    },
	"hidden": true
}