{
    "hud_render": {
        "should_render": true,
        "sprite_location": "origins:textures/gui/community/spiderkolo/resource_bar_01.png",
        "bar_index": 19
    },
    "key": {
        "key": "key.origins.primary_active",
        "continuous": false
    },
    "cooldown": 300,
    "type": "origins:active_self",
    "entity_action": {
        "type": "origins:and",
        "actions": [
            {
                "type": "origins:execute_command",
                "command": "function zorras:crystal_summon",
                "permission_level": 4
            },
            {
                "type": "origins:delay",
                "ticks": 0,
                "action": {
                    "type": "origins:execute_command",
                    "command": "function zorras:detonate",
                    "permission_level": 4
                }
            }
        ]
    },
    "name": "Crystal Corruption",
    "description": "[Primary] Summons an end crystal wherever facing 10 blocks away which instantly explodes hurting the player and anyone else nearby."
}