{
	"type":"origins:multiple",
	"is":{
        "type": "origins:resource",
        "min": 0,
        "max": 1,
        "hud_render": {
            "should_render": false
		}
	},
	"trigger":{
		"type":"origins:active_self",
		"entity_action":{
			"type":"origins:if_else_list",
			"actions":[
				{
					"action":{
						"type": "origins:and",
						"actions":[
							{
								"type": "origins:play_sound",
								"sound": "minecraft:entity.blaze.shoot",
								"volume": 0.5,
								"pitch": 1.2
							},
							{
								"type":"origins:change_resource",
								"resource":"*:*_is",
								"change":1
							}
						]
					},
					"condition":{
                        "type":"origins:and",
                        "conditions":[
                            {
                                "type":"origins:resource",
                                "resource":"*:*_is",
                                "comparison":"==",
                                "compare_to":0
                            },
							{
								"type": "origins:food_level",
								"comparison": ">",
								"compare_to": 6
							}
                        ]
                    }
				},
				{
					"action":{
						"type": "origins:and",
						"actions":[
							{
								"type": "origins:play_sound",
								"sound": "minecraft:entity.blaze.shoot",
								"volume": 0.5,
								"pitch": 0.8
							},
							{
								"type":"origins:change_resource",
								"resource":"*:*_is",
								"change":-1
							}
						]
					},
					"condition":{
						"type":"origins:resource",
						"resource":"*:*_is",
						"comparison":"==",
						"compare_to":1
					}
				}
			]
		},
		"cooldown":1,
		"hud_render":{
			"should_render":false
		}
	},
	"tick":{
		"type":"origins:action_over_time",
		"entity_action":{
			"type":"origins:if_else_list",
			"actions":[
                {
					"action":{
						"type": "origins:set_on_fire",
						"duration": 2
					},
					"condition":{
						"type":"origins:resource",
						"resource":"*:*_is",
						"comparison":"==",
						"compare_to":1
					}
				},
				{
					"action":{
                        "type":"origins:change_resource",
                        "resource":"*:*_is",
                        "change": -1
                    },
					"condition":{
						"type": "origins:food_level",
						"comparison": "<=",
						"compare_to": 6
					}
				}
			]
		},
		"interval":20
	},
	"hidden": true
}