{
	"type":"origins:multiple",
	"cant_eat":{
		"type":"origins:prevent_item_use",
		"item_condition":{
			"type":"origins:food"
		}
	},
	"no_cakes":{
		"type":"origins:prevent_block_use",
		"block_condition":{
			"type":"origins:block",
			"block":"minecraft:cake"
		}
	},
	"eat":{
		"type":"origins:active_self",
		"condition":{
			"type":"origins:equipped_item",
			"equipment_slot":"mainhand",
			"item_condition":{
				"type":"origins:ingredient",
				"ingredient":{
					"item":"minecraft:coal"
				}
			}
		},
		"entity_action":{
			"type":"origins:and",
			"actions":[
				{
					"type": "origins:equipped_item_action",
					"equipment_slot": "mainhand",
					"action": {
						"type": "origins:consume",
						"amount": 1
					}
				},
				{
					"type":"origins:delay",
					"ticks":29,
					"action":{
						"type":"origins:feed",
						"food":4,
						"saturation":0
					}
				},
				{
					"type":"origins:play_sound",
					"sound": "minecraft:entity.ghast.shoot"
				}
			]
		},
		"cooldown":10,
		"hud_render":{
			"should_render":true,
			"sprite_location":"origins:textures/gui/community/spiderkolo/resource_bar_01.png",
			"bar_index":16
		},
		"key":{
			"key":"key.use",
			"continuous": true
		}
	},
	"name":"Eat coal",
	"description":"You cant eat food normaly, instead you must eat coal to survive"
}