{
	"type":"origins:stacking_status_effect",
	"min_stacks":-5,
	"max_stacks":20,
	"duration_per_stack":20,
	"effects":[
		{
			"effect":"minecraft:weakness",
			"is_ambient":true,
			"show_particles":false,
			"show_icon":true
		},
		{
			"effect":"minecraft:slowness",
			"is_ambient":true,
			"show_particles":false,
			"show_icon":true
		}
	],
	"condition":{
		"type":"origins:or",
		"conditions":[
			{
				"type":"origins:in_rain"
			},
			{
				"type":"origins:fluid_height",
				"fluid":"minecraft:water",
				"comparison":"!=",
				"compare_to":0
			}
		]
	},
	"name":"Rust",
	"description":"when you are wet for too long, you get slowness and weekness"
}