{
    "type": "minecraft:chest",
    "pools": [
      {
        "rolls": {
          "min": 3,
          "max": 6
        },
        "entries": [
          {
            "type": "minecraft:item",
            "weight": 1,
            "name": "minecraft:water_bucket"
          },
          {
            "type": "minecraft:item",
            "weight": 1,
            "name": "minecraft:flint_and_steel"
          },
          {
            "type": "minecraft:item",
            "weight": 2,
            "name": "minecraft:flint",
            "functions": [
              {
                "function": "minecraft:set_count",
                "count": {
                  "min": 1,
                  "max": 2
                }
              }
            ]
          },
          {
            "type": "minecraft:item",
            "weight": 2,
            "name": "minecraft:beef",
            "functions": [
              {
                "function": "minecraft:set_count",
                "count": {
                  "min": 1,
                  "max": {
                    "min": 2,
                    "max": 3
                  }
                }
              }
            ]
          },
          {
            "type": "minecraft:item",
            "weight": 1,
            "name": "minecraft:white_carpet"
          },
          {
            "type": "minecraft:item",
            "weight": 1,
            "name": "minecraft:leather_chestplate"
          }
        ]
      }
    ]
  }
  