{
    "impact": 3,
    "unchoosable": false,
    "name": "Phantom+",
    "icon": "minecraft:phantom_membrane",
    "powers": [
        "phantomrevamped:split",
        "phantomrevamped:phantomize",
        "phantomrevamped:phantom_form",
        "phantomrevamped:2_stomachs",
        "phantomrevamped:sun_bad",
        "phantomrevamped:glowing_eyes",
        "phantomrevamped:translucency"
    ],
    "order": 2,
    "description": "These unusual hybrids are capable of switching between a Human and Phantom form."
}