{
  "replace": false,
  "values": [
    "minecraft:birch_forest",
    "minecraft:dark_forest",
    "minecraft:flower_forest",
    "minecraft:forest",
    "minecraft:meadow",
    "minecraft:old_growth_birch_forest",
    "minecraft:old_growth_pine_taiga",
    "minecraft:old_growth_spruce_taiga",
    "minecraft:plains",
    "minecraft:savanna",
    "minecraft:savanna_plateau",
    "minecraft:sunflower_plains",
    "minecraft:taiga",
    "minecraft:windswept_forest",
    "minecraft:windswept_hills",
    {
      "id": "terralith:birch_taiga",
      "required": false
    },
    {
      "id": "terralith:blooming_valley",
      "required": false
    },
    {
      "id": "terralith:lavender_forest",
      "required": false
    },
    {
      "id": "terralith:lavender_valley",
      "required": false
    },
    {
      "id": "terralith:forested_highlands",
      "required": false
    },
    {
      "id": "terralith:moonlight_grove",
      "required": false
    },
    {
      "id": "terralith:moonlight_valley",
      "required": false
    },
    {
      "id": "terralith:sakura_grove",
      "required": false
    },
    {
      "id": "terralith:sakura_valley",
      "required": false
    },
    {
      "id": "terralith:highlands",
      "required": false
    },
    {
      "id": "terralith:cold_shrubland",
      "required": false
    },
    {
      "id": "terralith:hot_shrubland",
      "required": false
    },
    {
      "id": "terralith:rocky_shrubland",
      "required": false
    },
    {
      "id": "terralith:shield_clearing",
      "required": false
    },
    {
      "id": "terralith:shield",
      "required": false
    },
    {
      "id": "teralith:steppe",
      "required": false
    },
    {
      "id": "terralith:valley_clearing",
      "required": false
    }
  ]
}
