{
  "replace": false,
  "values": [
    "minecraft:desert",
    {
      "id": "terralith:ancient_sands",
      "required": false
    },
    {
      "id": "terralith:desert_canyon",
      "required": false
    },
    {
      "id": "terralith:desert_oasis",
      "required": false
    },
    {
      "id": "terralith:desert_spires",
      "required": false
    },
    {
      "id": "terralith:lush_desert",
      "required": false
    },
    {
      "id": "terralith:red_oasis",
      "required": false
    },
    {
      "id": "terralith:sandstone_valley",
      "required": false
    }
  ]
}
