{
  "type": "origins:restrict_armor",
  "head": {
    "type": "origins:armor_value",
    "comparison": ">",
    "compare_to": 2
  },
  "chest": {
    "type": "origins:armor_value",
    "comparison": ">",
    "compare_to": 6
  },
  "legs": {
    "type": "origins:armor_value",
    "comparison": ">",
    "compare_to": 5
  },
  "feet": {
    "type": "origins:armor_value",
    "comparison": ">",
    "compare_to": 2
  },
"name": "Need For Mobility",
"description": "You can not wear any heavy armor (armor with protection values higher than iron).",
"loading_priority": 10
}