{
	"type": "origins:action_over_time",
	"interval": 60,
	"entity_action": {
		"type": "origins:apply_effect",
		"effect": {
			"effect": "minecraft:regeneration",
			"duration": 60,
			"amplifier": 0,
			"is_ambient": true,
			"show_particles": false,
			"show_icon": false
		}
	},
	"falling_action": {
		"type": "origins:clear_effect",
		"effect": "minecraft:regeneration"
	},
	"condition": {
		"type": "origins:biome",
		"condition": {
			"type": "origins:category",
			"category": "forest"
		}
	},
	"name": "Spirit of the forest",
    "description": "You channel the energy of forests to mend your wounds. Because you are a spirit, your frail body takes 1.5x damage from all sources."
}