{
	"type":"origins:multiple",
	"is":{
        "type": "origins:resource",
        "min": 0,
        "max": 1,
        "hud_render": {
            "should_render": false
        }
    },
    "disabled":{
        "type": "origins:resource",
        "min": 0,
        "max": 1,
        "hud_render": {
			"sprite_location":"origins:textures/gui/resource_bar.png",
			"bar_index":3,
			"condition":{
				"type":"origins:resource",
				"resource":"spelk:phaze_disabled",
				"comparison":"!=",
				"compare_to":0
			}
		}
    },
	"time":{
		"type":"origins:resource",
		"min":0,
		"max":20,
		"start_value":20,
		"hud_render":{
			"sprite_location":"origins:textures/gui/community/spiderkolo/resource_bar_03.png",
			"bar_index":21,
			"condition":{
				"type":"origins:resource",
				"resource":"spelk:phaze_time",
				"comparison":"!=",
				"compare_to":20
			}
		}
	},
	"phasing":{
		"type":"origins:phasing",
		"blacklist":true,
		"render_type":"blindness",
		"view_distance":10,
		"block_condition":{
			"type":"origins:in_tag",
			"tag":"origins:unphasable"
		},
		"phase_down_condition":{
			"type":"origins:and",
			"conditions":[
				{
					"type":"origins:sneaking"
				},
				{
					"type":"origins:on_block"
				}
			]
		},
		"condition":{
            "type":"origins:resource",
            "resource":"spelk:phaze_is",
            "comparison":"==",
            "compare_to":1
        }
	},
	"transparent": {
	  "type": "origins:model_color",
	  "alpha": 0.5,
	  "condition":{
		  "type":"origins:resource",
		  "resource":"spelk:phaze_is",
		  "comparison":"==",
		  "compare_to":1
	  }
	},
	"trigger":{
		"type":"origins:active_self",
		"entity_action":{
			"type":"origins:if_else_list",
			"actions":[
				{
					"condition":{
                        "type":"origins:and",
                        "conditions":[
                            {
                                "type":"origins:resource",
                                "resource":"spelk:phaze_is",
                                "comparison":"==",
                                "compare_to":0
                            },
                            {
                                "type":"origins:resource",
                                "resource":"spelk:phaze_disabled",
                                "comparison":"==",
                                "compare_to":0
                            }
                        ]
                    },
					"action":{
						"type":"origins:change_resource",
						"resource":"spelk:phaze_is",
						"change":1
					}
				},
				{
					"condition":{
						"type":"origins:resource",
						"resource":"spelk:phaze_is",
						"comparison":"==",
						"compare_to":1
					},
					"action":{
						"type":"origins:change_resource",
						"resource":"spelk:phaze_is",
						"change": -1
					}
				}
			]
		},
		"cooldown":1,
		"hud_render":{
			"should_render":false
		}
	},
	"tick":{
		"type":"origins:action_over_time",
		"entity_action":{
			"type":"origins:if_else_list",
			"actions":[
                {
					"action":{
						"type":"origins:change_resource",
						"resource":"spelk:phaze_time",
						"change": 1
					},
					"condition":{
						"type":"origins:and",
                        "conditions":[
                            {
                                "type":"origins:resource",
                                "resource":"spelk:phaze_time",
                                "comparison":"<",
                                "compare_to":20
                            },
                            {
                                "type":"origins:resource",
                                "resource":"spelk:phaze_is",
                                "comparison":"==",
                                "compare_to":0
                            }
                        ]
                    }
				},
				{
					"action":{
						"type":"origins:and",
                        "actions":[
                            {
                                "type":"origins:damage",
                                "amount":2,
                                "source":{
                                    "name":"inWall",
                                    "bypasses_armor":true
                                }
                            },
                            {
                                "type":"origins:change_resource",
                                "resource":"spelk:phaze_disabled",
                                "change": 1
                            }
                        ]
					},
					"condition":{
						"type":"origins:resource",
						"resource":"spelk:phaze_time",
						"comparison":"==",
						"compare_to":0
					}
				},
                {
					"action":{
						"type":"origins:change_resource",
						"resource":"spelk:phaze_time",
						"change": -1
					},
					"condition":{
						"type":"origins:and",
                        "conditions":[
                            {
                                "type":"origins:resource",
                                "resource":"spelk:phaze_time",
                                "comparison":">",
                                "compare_to":0
                            },
                            {
                                "type":"origins:resource",
                                "resource":"spelk:phaze_is",
                                "comparison":"==",
                                "compare_to":1
                            }
                        ]
                    }
				},
                {
					"action":{
						"type":"origins:change_resource",
						"resource":"spelk:phaze_disabled",
						"change": -1
					},
					"condition":{
						"type":"origins:and",
                        "conditions":[
                            {
                                "type":"origins:resource",
                                "resource":"spelk:phaze_time",
                                "comparison":"==",
                                "compare_to":20
                            },
                            {
                                "type":"origins:resource",
                                "resource":"spelk:phaze_disabled",
                                "comparison":"==",
                                "compare_to":1
                            }
                        ]
                    }
				}
			]
		},
		"interval":20
	}
}