{
   "type": "origins:target_action_on_hit",
  "entity_action": {
    "type": "origins:apply_effect",
    "effect": {
      "effect": "minecraft:wither",
      "duration": 100,
      "amplifier": 1
    }
  },
	"damage_condition":{
		"type":"origins:projectile",
    "inverted":true
	},
  "cooldown": 140,
   "hud_render": {
   "sprite_location": "origins:textures/gui/community/spiderkolo/resource_bar_01.png",
    "bar_index": 17
   },
   "name": "Soul Absorption",
   "description":"When your enemies come into contact with your spectral antlers their souls burn."
}