{
  "type": "origins:modify_damage_taken",
  "modifier": {
    "name": "More kinetic damage taken",
    "value": 0.3,
    "operation": "multiply_base"
  },
  "damage_condition": {
    "type": "origins:or",
    "conditions": [
      {
        "type": "origins:name",
        "name": "fall"
      },
      {
        "type": "origins:name",
        "name": "flyIntoWall"
      }
    ]
  },
"name": "Clumsy Flier",
"description": "Your ancestors were not the best flyers, and so are you. You take slightly increased kinetic damage."
}