{
    "type": "origins:multiple",
    "one": {
        "type": "origins:modify_damage_taken",
        "damage_condition": {
            "type": "origins:attacker",
            "entity_condition": {
                "type": "origins:equipped_item",
                "equipment_slot": "mainhand",
                "item_condition": {
                    "type": "origins:enchantment",
                    "enchantment": "minecraft:smite",
                    "comparison": "==",
                    "compare_to": 1
                }
            }
        },
        "modifier": {
            "operation": "addition",
            "value": 2.5
        }
    },
    "two": {
        "type": "origins:modify_damage_taken",
        "damage_condition": {
            "type": "origins:attacker",
            "entity_condition": {
                "type": "origins:equipped_item",
                "equipment_slot": "mainhand",
                "item_condition": {
                    "type": "origins:enchantment",
                    "enchantment": "minecraft:smite",
                    "comparison": "==",
                    "compare_to": 2
                }
            }
        },
        "modifier": {
            "operation": "addition",
            "value": 5
        }
    },
    "three": {
        "type": "origins:modify_damage_taken",
        "damage_condition": {
            "type": "origins:attacker",
            "entity_condition": {
                "type": "origins:equipped_item",
                "equipment_slot": "mainhand",
                "item_condition": {
                    "type": "origins:enchantment",
                    "enchantment": "minecraft:smite",
                    "comparison": "==",
                    "compare_to": 3
                }
            }
        },
        "modifier": {
            "operation": "addition",
            "value": 7.5
        }
    },
    "four": {
        "type": "origins:modify_damage_taken",
        "damage_condition": {
            "type": "origins:attacker",
            "entity_condition": {
                "type": "origins:equipped_item",
                "equipment_slot": "mainhand",
                "item_condition": {
                    "type": "origins:enchantment",
                    "enchantment": "minecraft:smite",
                    "comparison": "==",
                    "compare_to": 4
                }
            }
        },
        "modifier": {
            "operation": "addition",
            "value": 10
        }
    },
    "five": {
        "type": "origins:modify_damage_taken",
        "damage_condition": {
            "type": "origins:attacker",
            "entity_condition": {
                "type": "origins:equipped_item",
                "equipment_slot": "mainhand",
                "item_condition": {
                    "type": "origins:enchantment",
                    "enchantment": "minecraft:smite",
                    "comparison": "==",
                    "compare_to": 5
                }
            }
        },
        "modifier": {
            "operation": "addition",
            "value": 12.5
        }
    }
}