{
    "name": "Heal",
    "description": "Primary to throw a healing potion",
    "type": "origins:fire_projectile",
    "entity_type": "minecraft:potion",
    "cooldown": 800,
    "speed": 0.5,
    "hud_render": {
        "should_render": true,
        "sprite_location": "origins:textures/gui/community/spiderkolo/resource_bar_02.png",
        "bar_index": 12
    },
    "tag": "{Item:{id:\"minecraft:splash_potion\",Count:1b,tag:{Potion:\"minecraft:strong_healing\"}}}",
    "key": {
        "key":"key.origins.primary_active",
        "continuous": false
    }
}