{
	"type":"origins:multiple",
	"name":"Wa'akkir",
	"description":"Press your primary key to shapeshift or turn invisible for 10 secs",
	"invisible":{
		"type":"origins:resource",
		"min":0,
		"max":1,
		"hud_render":{
			"should_render":false
		}
	},
	"shifted":{
		"type":"origins:resource",
		"min":0,
		"max":1,
		"hud_render":{
			"should_render":false
		}
	},
	"time":{
		"type":"origins:resource",
		"min":0,
		"max":100,
		"start_value":100,
		"hud_render":{
			"sprite_location":"origins:textures/gui/community/spiderkolo/resource_bar_02.png",
			"bar_index":21,
			"condition":{
				"type":"origins:resource",
				"resource":"*:*_time",
				"comparison":"!=",
				"compare_to":100
			}
		}
	},
	"disabled":{
		"type":"origins:resource",
		"min":0,
		"max":1,
		"hud_render":{
			"sprite_location":"origins:textures/gui/resource_bar.png",
			"bar_index":3,
			"condition":{
				"type":"origins:resource",
				"resource":"*:*_disabled",
				"comparison":"!=",
				"compare_to":0
			}
		}
	},
	"no_target":{
		"type":"origins:resource",
		"min":0,
		"max":1,
		"hud_render":{
			"should_render":false
		}
	},
	"invisibility":{
		"type":"origins:invisibility",
		"render_armor":false,
		"condition":{
			"type":"origins:and",
			"conditions":[
				{
					"type":"origins:resource",
					"resource":"*:*_invisible",
					"comparison":"==",
					"compare_to":1
				},
				{
					"type":"origins:resource",
					"resource":"*:*_disabled",
					"comparison":"==",
					"compare_to":0
				}
			]
		}
	},
	"cant_attack":{
		"type": "origins:modify_damage_dealt",
		"modifier": {
			"operation": "multiply_total",
			"value": -1
		},
		"condition":{
			"type":"origins:resource",
			"resource":"*:*_invisible",
			"comparison":"==",
			"compare_to":1
		}
	},
	"fast_tick":{
		"type":"origins:action_over_time",
		"interval":1,
		"entity_action":{
			"type":"origins:execute_command",
			"command":"tp @e[tag=foxcrafter,limit=1,sort=nearest] @s",
			"permission_level":4
		},
		"condition":{
			"type":"origins:and",
			"conditions":[
				{
					"type":"origins:resource",
					"resource":"*:*_disabled",
					"comparison":"!=",
					"compare_to":1
				},
				{
					"type":"origins:resource",
					"resource":"*:*_shifted",
					"comparison":"==",
					"compare_to":1
				}
			]
		}
	},
	"trigger":{
		"type":"origins:active_self",
		"entity_action":{
			"type":"origins:if_else_list",
			"actions":[
				{
					"action":{
						"type":"origins:and",
						"actions":[
							{
								"type":"origins:change_resource",
								"resource":"*:*_invisible",
								"change":1
							},
							{
								"type":"origins:change_resource",
								"resource":"*:*_shifted",
								"change":1
							},
							{
								"type":"origins:if_else_list",
								"actions":[
									{
										"action":{
											"type":"origins:and",
											"actions":[
												{
													"type":"origins:execute_command",
													"command":"summon pig ~ ~ ~ {NoAI:1b,Tags:['foxcrafter'],Team:'foxcrafter',DeathLootTable:'minecraft:empty',Invulnerable:1b}",
													"permission_level":4
												}
											]
										},
										"condition":{
											"type":"origins:equipped_item",
											"equipment_slot":"mainhand",
											"item_condition":{
												"type":"origins:ingredient",
												"ingredient":{
													"item":"minecraft:porkchop"
												}
											}
										}
									},
									{
										"action":{
											"type":"origins:and",
											"actions":[
												{
													"type":"origins:execute_command",
													"command":"summon creeper ~ ~ ~ {NoAI:1b,Tags:['foxcrafter'],Team:'foxcrafter',DeathLootTable:'minecraft:empty',Invulnerable:1b}",
													"permission_level":4
												}
											]
										},
										"condition":{
											"type":"origins:equipped_item",
											"equipment_slot":"mainhand",
											"item_condition":{
												"type":"origins:ingredient",
												"ingredient":{
													"item":"minecraft:gunpowder"
												}
											}
										}
									},
									{
										"action":{
											"type":"origins:and",
											"actions":[
												{
													"type":"origins:execute_command",
													"command":"summon wolf ~ ~ ~ {NoAI:1b,Tags:['foxcrafter'],Team:'foxcrafter',DeathLootTable:'minecraft:empty',Invulnerable:1b}",
													"permission_level":4
												}
											]
										},
										"condition":{
											"type":"origins:equipped_item",
											"equipment_slot":"mainhand",
											"item_condition":{
												"type":"origins:ingredient",
												"ingredient":{
													"item":"minecraft:bone"
												}
											}
										}
									},
									{
										"action":{
											"type":"origins:and",
											"actions":[
												{
													"type":"origins:execute_command",
													"command":"summon spider ~ ~ ~ {NoAI:1b,Tags:['foxcrafter'],Team:'foxcrafter',DeathLootTable:'minecraft:empty',Invulnerable:1b}",
													"permission_level":4
												}
											]
										},
										"condition":{
											"type":"origins:equipped_item",
											"equipment_slot":"mainhand",
											"item_condition":{
												"type":"origins:ingredient",
												"ingredient":{
													"item":"minecraft:spider_eye"
												}
											}
										}
									},
									{
										"action":{
											"type":"origins:and",
											"actions":[
												{
													"type":"origins:execute_command",
													"command":"summon sheep ~ ~ ~ {NoAI:1b,Color:0b,Tags:['foxcrafter'],Team:'foxcrafter',DeathLootTable:'minecraft:empty',Invulnerable:1b}",
													"permission_level":4
												}
											]
										},
										"condition":{
											"type":"origins:equipped_item",
											"equipment_slot":"mainhand",
											"item_condition":{
												"type":"origins:ingredient",
												"ingredient":{
													"item":"minecraft:white_wool"
												}
											}
										}
									},
									{
										"action":{
											"type":"origins:and",
											"actions":[
												{
													"type":"origins:execute_command",
													"command":"summon sheep ~ ~ ~ {NoAI:1b,Color:1b,Tags:['foxcrafter'],Team:'foxcrafter',DeathLootTable:'minecraft:empty',Invulnerable:1b}",
													"permission_level":4
												}
											]
										},
										"condition":{
											"type":"origins:equipped_item",
											"equipment_slot":"mainhand",
											"item_condition":{
												"type":"origins:ingredient",
												"ingredient":{
													"item":"minecraft:orange_wool"
												}
											}
										}
									},
									{
										"action":{
											"type":"origins:and",
											"actions":[
												{
													"type":"origins:execute_command",
													"command":"summon sheep ~ ~ ~ {NoAI:1b,Color:2b,Tags:['foxcrafter'],Team:'foxcrafter',DeathLootTable:'minecraft:empty',Invulnerable:1b}",
													"permission_level":4
												}
											]
										},
										"condition":{
											"type":"origins:equipped_item",
											"equipment_slot":"mainhand",
											"item_condition":{
												"type":"origins:ingredient",
												"ingredient":{
													"item":"minecraft:magenta_wool"
												}
											}
										}
									},
									{
										"action":{
											"type":"origins:and",
											"actions":[
												{
													"type":"origins:execute_command",
													"command":"summon sheep ~ ~ ~ {NoAI:1b,Color:3b,Tags:['foxcrafter'],Team:'foxcrafter',DeathLootTable:'minecraft:empty',Invulnerable:1b}",
													"permission_level":4
												}
											]
										},
										"condition":{
											"type":"origins:equipped_item",
											"equipment_slot":"mainhand",
											"item_condition":{
												"type":"origins:ingredient",
												"ingredient":{
													"item":"minecraft:light_blue_wool"
												}
											}
										}
									},
									{
										"action":{
											"type":"origins:and",
											"actions":[
												{
													"type":"origins:execute_command",
													"command":"summon sheep ~ ~ ~ {NoAI:1b,Color:4b,Tags:['foxcrafter'],Team:'foxcrafter',DeathLootTable:'minecraft:empty',Invulnerable:1b}",
													"permission_level":4
												}
											]
										},
										"condition":{
											"type":"origins:equipped_item",
											"equipment_slot":"mainhand",
											"item_condition":{
												"type":"origins:ingredient",
												"ingredient":{
													"item":"minecraft:yellow_wool"
												}
											}
										}
									},
									{
										"action":{
											"type":"origins:and",
											"actions":[
												{
													"type":"origins:execute_command",
													"command":"summon sheep ~ ~ ~ {NoAI:1b,Color:5b,Tags:['foxcrafter'],Team:'foxcrafter',DeathLootTable:'minecraft:empty',Invulnerable:1b}",
													"permission_level":4
												}
											]
										},
										"condition":{
											"type":"origins:equipped_item",
											"equipment_slot":"mainhand",
											"item_condition":{
												"type":"origins:ingredient",
												"ingredient":{
													"item":"minecraft:lime_wool"
												}
											}
										}
									},
									{
										"action":{
											"type":"origins:and",
											"actions":[
												{
													"type":"origins:execute_command",
													"command":"summon sheep ~ ~ ~ {NoAI:1b,Color:6b,Tags:['foxcrafter'],Team:'foxcrafter',DeathLootTable:'minecraft:empty',Invulnerable:1b}",
													"permission_level":4
												}
											]
										},
										"condition":{
											"type":"origins:equipped_item",
											"equipment_slot":"mainhand",
											"item_condition":{
												"type":"origins:ingredient",
												"ingredient":{
													"item":"minecraft:pink_wool"
												}
											}
										}
									},
									{
										"action":{
											"type":"origins:and",
											"actions":[
												{
													"type":"origins:execute_command",
													"command":"summon sheep ~ ~ ~ {NoAI:1b,Color:7b,Tags:['foxcrafter'],Team:'foxcrafter',DeathLootTable:'minecraft:empty',Invulnerable:1b}",
													"permission_level":4
												}
											]
										},
										"condition":{
											"type":"origins:equipped_item",
											"equipment_slot":"mainhand",
											"item_condition":{
												"type":"origins:ingredient",
												"ingredient":{
													"item":"minecraft:gray_wool"
												}
											}
										}
									},
									{
										"action":{
											"type":"origins:and",
											"actions":[
												{
													"type":"origins:execute_command",
													"command":"summon sheep ~ ~ ~ {NoAI:1b,Color:8b,Tags:['foxcrafter'],Team:'foxcrafter',DeathLootTable:'minecraft:empty',Invulnerable:1b}",
													"permission_level":4
												}
											]
										},
										"condition":{
											"type":"origins:equipped_item",
											"equipment_slot":"mainhand",
											"item_condition":{
												"type":"origins:ingredient",
												"ingredient":{
													"item":"minecraft:light_gray_wool"
												}
											}
										}
									},
									{
										"action":{
											"type":"origins:and",
											"actions":[
												{
													"type":"origins:execute_command",
													"command":"summon sheep ~ ~ ~ {NoAI:1b,Color:9b,Tags:['foxcrafter'],Team:'foxcrafter',DeathLootTable:'minecraft:empty',Invulnerable:1b}",
													"permission_level":4
												}
											]
										},
										"condition":{
											"type":"origins:equipped_item",
											"equipment_slot":"mainhand",
											"item_condition":{
												"type":"origins:ingredient",
												"ingredient":{
													"item":"minecraft:cyan_wool"
												}
											}
										}
									},
									{
										"action":{
											"type":"origins:and",
											"actions":[
												{
													"type":"origins:execute_command",
													"command":"summon sheep ~ ~ ~ {NoAI:1b,Color:10b,Tags:['foxcrafter'],Team:'foxcrafter',DeathLootTable:'minecraft:empty',Invulnerable:1b}",
													"permission_level":4
												}
											]
										},
										"condition":{
											"type":"origins:equipped_item",
											"equipment_slot":"mainhand",
											"item_condition":{
												"type":"origins:ingredient",
												"ingredient":{
													"item":"minecraft:purple_wool"
												}
											}
										}
									},
									{
										"action":{
											"type":"origins:and",
											"actions":[
												{
													"type":"origins:execute_command",
													"command":"summon sheep ~ ~ ~ {NoAI:1b,Color:11b,Tags:['foxcrafter'],Team:'foxcrafter',DeathLootTable:'minecraft:empty',Invulnerable:1b}",
													"permission_level":4
												}
											]
										},
										"condition":{
											"type":"origins:equipped_item",
											"equipment_slot":"mainhand",
											"item_condition":{
												"type":"origins:ingredient",
												"ingredient":{
													"item":"minecraft:blue_wool"
												}
											}
										}
									},
									{
										"action":{
											"type":"origins:and",
											"actions":[
												{
													"type":"origins:execute_command",
													"command":"summon sheep ~ ~ ~ {NoAI:1b,Color:12b,Tags:['foxcrafter'],Team:'foxcrafter',DeathLootTable:'minecraft:empty',Invulnerable:1b}",
													"permission_level":4
												}
											]
										},
										"condition":{
											"type":"origins:equipped_item",
											"equipment_slot":"mainhand",
											"item_condition":{
												"type":"origins:ingredient",
												"ingredient":{
													"item":"minecraft:brown_wool"
												}
											}
										}
									},
									{
										"action":{
											"type":"origins:and",
											"actions":[
												{
													"type":"origins:execute_command",
													"command":"summon sheep ~ ~ ~ {NoAI:1b,Color:13b,Tags:['foxcrafter'],Team:'foxcrafter',DeathLootTable:'minecraft:empty',Invulnerable:1b}",
													"permission_level":4
												}
											]
										},
										"condition":{
											"type":"origins:equipped_item",
											"equipment_slot":"mainhand",
											"item_condition":{
												"type":"origins:ingredient",
												"ingredient":{
													"item":"minecraft:green_wool"
												}
											}
										}
									},
									{
										"action":{
											"type":"origins:and",
											"actions":[
												{
													"type":"origins:execute_command",
													"command":"summon sheep ~ ~ ~ {NoAI:1b,Color:14b,Tags:['foxcrafter'],Team:'foxcrafter',DeathLootTable:'minecraft:empty',Invulnerable:1b}",
													"permission_level":4
												}
											]
										},
										"condition":{
											"type":"origins:equipped_item",
											"equipment_slot":"mainhand",
											"item_condition":{
												"type":"origins:ingredient",
												"ingredient":{
													"item":"minecraft:red_wool"
												}
											}
										}
									},
									{
										"action":{
											"type":"origins:and",
											"actions":[
												{
													"type":"origins:execute_command",
													"command":"summon sheep ~ ~ ~ {NoAI:1b,Color:15b,Tags:['foxcrafter'],Team:'foxcrafter',DeathLootTable:'minecraft:empty',Invulnerable:1b}",
													"permission_level":4
												}
											]
										},
										"condition":{
											"type":"origins:equipped_item",
											"equipment_slot":"mainhand",
											"item_condition":{
												"type":"origins:ingredient",
												"ingredient":{
													"item":"minecraft:black_wool"
												}
											}
										}
									},
									{
										"action":{
											"type":"origins:change_resource",
											"resource":"*:*_no_target",
											"change":1
										},
										"condition": {
											"type": "origins:constant",
											"value": true
										}
									}
								]
							}
						]
					},
					"condition":{
						"type":"origins:and",
						"conditions":[
							{
								"type":"origins:resource",
								"resource":"*:*_invisible",
								"comparison":"==",
								"compare_to":0
							},
							{
								"type":"origins:resource",
								"resource":"*:*_disabled",
								"comparison":"==",
								"compare_to":0
							}
						]
					}
				},
				{
					"action":{
						"type":"origins:and",
						"actions":[
							{
								"type":"origins:change_resource",
								"resource":"*:*_shifted",
								"change":-1
							},
							{
								"type":"origins:change_resource",
								"resource":"*:*_no_target",
								"change": -1
							},
							{
								"type":"origins:execute_command",
								"command":"tp @e[tag=foxcrafter,limit=1,sort=nearest] ~ ~-200 ~",
								"permission_level":4
							},
							{
								"type":"origins:change_resource",
								"resource":"*:*_invisible",
								"change":-1
							}
						]
					},
					"condition":{
						"type":"origins:and",
						"conditions":[
							{
								"type":"origins:resource",
								"resource":"*:*_invisible",
								"comparison":"==",
								"compare_to":1
							}
						]
					}
				}
			]
		},
		"cooldown":1,
		"hud_render":{
			"should_render":false
		},
		"key":{
			"key":"key.origins.primary_active"
		}
	},
	"manage_time":{
		"type":"origins:action_over_time",
		"entity_action":{
			"type":"origins:if_else_list",
			"actions":[
				{
					"action":{
						"type":"origins:change_resource",
						"resource":"*:*_time",
						"change":-10
					},
					"condition":{
						"type":"origins:and",
						"conditions":[
							{
								"type":"origins:resource",
								"resource":"*:*_time",
								"comparison":">",
								"compare_to":0
							},
							{
								"type":"origins:resource",
								"resource":"*:*_invisible",
								"comparison":"==",
								"compare_to":1
							},
							{
								"type":"origins:resource",
								"resource":"*:*_no_target",
								"comparison":"==",
								"compare_to": 1
							}
						]
					}
				},
				{
					"action":{
						"type":"origins:change_resource",
						"resource":"*:*_disabled",
						"change":-1
					},
					"condition":{
						"type":"origins:and",
						"conditions":[
							{
								"type":"origins:resource",
								"resource":"*:*_time",
								"comparison":">",
								"compare_to":99
							},
							{
								"type":"origins:resource",
								"resource":"*:*_disabled",
								"comparison":"==",
								"compare_to":1
							}
						]
					}
				},
				{
					"action":{
						"type":"origins:and",
						"actions":[
							{
								"type":"origins:change_resource",
								"resource":"*:*_disabled",
								"change": 1
							},
							{
								"type":"origins:change_resource",
								"resource":"*:*_shifted",
								"change": -1
							},
							{
								"type":"origins:change_resource",
								"resource":"*:*_invisible",
								"change": -1
							}
						]
					},
					"condition":{
						"type":"origins:and",
						"conditions":[
							{
								"type":"origins:resource",
								"resource":"*:*_invisible",
								"comparison":"==",
								"compare_to": 1
							},
							{
								"type":"origins:resource",
								"resource":"*:*_time",
								"comparison":"==",
								"compare_to":0
							}
						]
					}
				},
				{
					"action":{
						"type":"origins:change_resource",
						"resource":"*:*_time",
						"change":5
					},
					"condition":{
						"type":"origins:and",
						"conditions":[
							{
								"type":"origins:resource",
								"resource":"*:*_time",
								"comparison":"<",
								"compare_to":100
							},
							{
								"type":"origins:resource",
								"resource":"*:*_invisible",
								"comparison":"==",
								"compare_to":0
							}
						]
					}
				}
			]
		},
		"interval":20
	},
	"kill_sheep_when_disabled": {
		"type": "origins:action_over_time",
		"interval": 20,
		"rising_action":{
			"type":"origins:and",
			"actions":[
				{
					"type":"origins:change_resource",
					"resource":"*:*_shifted",
					"change":-1
				},
				{
					"type":"origins:change_resource",
					"resource":"*:*_no_target",
					"change": -1
				},
				{
					"type":"origins:change_resource",
					"resource":"*:*_invisible",
					"change": -1
				},
				{
					"type":"origins:execute_command",
					"command":"tp @e[tag=foxcrafter,limit=1,sort=nearest] ~ ~-200 ~",
					"permission_level":4
				}
			]
		},
		"condition":{
			"type":"origins:resource",
			"resource":"*:*_disabled",
			"comparison":"==",
			"compare_to": 0
		}
	},
	"disable_when_damaged": {
		"type": "origins:self_action_when_hit",
		"entity_action": {
			"type":"origins:change_resource",
			"resource":"*:*_disabled",
			"change": 1
		},
		"condition":{
			"type":"origins:and",
			"conditions":[
				{
					"type":"origins:resource",
					"resource":"*:*_invisible",
					"comparison":"==",
					"compare_to":1
				},
				{
					"type":"origins:resource",
					"resource":"*:*_disabled",
					"comparison":"==",
					"compare_to":0
				}
			]
		},
		"cooldown": 20
	}
}