{
	"type":"origins:action_over_time",
	"interval":300,
	"entity_action":{
		"type":"origins:apply_effect",
		"effect":{
			"effect":"minecraft:speed",
			"duration":400,
			"amplifier":0,
			"is_ambient":true,
			"show_particles":false,
			"show_icon":false
		}
	},
	"condition":{
		"type":"origins:or",
		"conditions":[
			{
				"type":"origins:biome",
				"condition":{
					"type":"origins:temperature",
					"comparison":"<=",
					"compare_to":0.15
				}
			},
			{
				"type":"origins:fluid_height",
				"fluid":"minecraft:water",
				"comparison":">",
				"compare_to":0.0
			},
			{
				"type":"origins:in_rain"
			}
		],
		"inverted":true
	}
}