{
	"name":"Sneaky",
	"description":"You are able to turn completely invisible for a maximum of 10 seconds, armour and all",
	"type":"origins:multiple",
	"invisible":{
		"type":"origins:resource",
		"min":0,
		"max":1,
		"hud_render":{
			"should_render":false
		}
	},
	"time":{
		"type":"origins:resource",
		"min":0,
		"max":100,
		"start_value":100,
		"hud_render":{
			"sprite_location":"origins:textures/gui/community/spiderkolo/resource_bar_02.png",
			"bar_index":21,
			"condition":{
				"type":"origins:resource",
				"resource":"*:*_time",
				"comparison":"!=",
				"compare_to":100
			}
		}
	},
	"disabled":{
		"type":"origins:resource",
		"min":0,
		"max":1,
		"hud_render":{
			"sprite_location":"origins:textures/gui/resource_bar.png",
			"bar_index":3,
			"condition":{
				"type":"origins:resource",
				"resource":"*:*_disabled",
				"comparison":"!=",
				"compare_to":0
			}
		}
	},
	"invisibility":{
		"type":"origins:invisibility",
		"render_armor":false,
		"condition":{
			"type":"origins:and",
			"conditions":[
				{
					"type":"origins:resource",
					"resource":"*:*_invisible",
					"comparison":"==",
					"compare_to":1
				},
				{
					"type":"origins:resource",
					"resource":"*:*_disabled",
					"comparison":"==",
					"compare_to":0
				}
			]
		}
	},
	"cant_attack":{
		"type": "origins:modify_damage_dealt",
		"modifier": {
			"operation": "multiply_total",
			"value": -1
		},
		"condition":{
			"type":"origins:resource",
			"resource":"*:*_invisible",
			"comparison":"==",
			"compare_to":1
		}
	},
	"fast_tick":{
		"type":"origins:action_over_time",
		"interval":1,
		"entity_action":{
			"type":"origins:execute_command",
			"command":"tp @e[tag=foxcrafter,limit=1,sort=nearest] @s",
			"permission_level":4
		},
		"condition":{
			"type":"origins:and",
			"conditions":[
				{
					"type":"origins:resource",
					"resource":"*:*_disabled",
					"comparison":"!=",
					"compare_to":1
				},
				{
					"type":"origins:resource",
					"resource":"*:*_invisible",
					"comparison":"==",
					"compare_to":1
				}
			]
		}
	},
	"trigger":{
		"type":"origins:active_self",
		"entity_action":{
			"type":"origins:if_else_list",
			"actions":[
				{
					"action":{
						"type":"origins:change_resource",
						"resource":"*:*_invisible",
						"change":1
					},
					"condition":{
						"type":"origins:and",
						"conditions":[
							{
								"type":"origins:resource",
								"resource":"*:*_invisible",
								"comparison":"==",
								"compare_to":0
							},
							{
								"type":"origins:resource",
								"resource":"*:*_disabled",
								"comparison":"==",
								"compare_to":0
							}
						]
					}
				},
				{
					"action":{
						"type":"origins:change_resource",
						"resource":"*:*_invisible",
						"change":-1
					},
					"condition":{
						"type":"origins:and",
						"conditions":[
							{
								"type":"origins:resource",
								"resource":"*:*_invisible",
								"comparison":"==",
								"compare_to":1
							}
						]
					}
				}
			]
		},
		"cooldown":1,
		"hud_render":{
			"should_render":false
		},
		"key":{
			"key":"key.origins.primary_active"
		}
	},
	"manage_time":{
		"type":"origins:action_over_time",
		"interval":20,
		"entity_action":{
			"type":"origins:if_else_list",
			"actions":[
				{
					"action":{
						"type":"origins:change_resource",
						"resource":"*:*_time",
						"change":-10
					},
					"condition":{
						"type":"origins:and",
						"conditions":[
							{
								"type":"origins:resource",
								"resource":"*:*_time",
								"comparison":">",
								"compare_to":0
							},
							{
								"type":"origins:resource",
								"resource":"*:*_invisible",
								"comparison":"==",
								"compare_to":1
							}
						]
					}
				},
				{
					"action":{
						"type":"origins:change_resource",
						"resource":"*:*_disabled",
						"change":-1
					},
					"condition":{
						"type":"origins:and",
						"conditions":[
							{
								"type":"origins:resource",
								"resource":"*:*_time",
								"comparison":">",
								"compare_to":99
							},
							{
								"type":"origins:resource",
								"resource":"*:*_disabled",
								"comparison":"==",
								"compare_to":1
							}
						]
					}
				},
				{
					"action":{
						"type":"origins:and",
						"actions":[
							{
								"type":"origins:change_resource",
								"resource":"*:*_disabled",
								"change": 1
							},
							{
								"type":"origins:change_resource",
								"resource":"*:*_invisible",
								"change": -1
							}
						]
					},
					"condition":{
						"type":"origins:and",
						"conditions":[
							{
								"type":"origins:resource",
								"resource":"*:*_invisible",
								"comparison":"==",
								"compare_to": 1
							},
							{
								"type":"origins:resource",
								"resource":"*:*_time",
								"comparison":"==",
								"compare_to":0
							}
						]
					}
				},
				{
					"action":{
						"type":"origins:change_resource",
						"resource":"*:*_time",
						"change":5
					},
					"condition":{
						"type":"origins:and",
						"conditions":[
							{
								"type":"origins:resource",
								"resource":"*:*_time",
								"comparison":"<",
								"compare_to":100
							},
							{
								"type":"origins:resource",
								"resource":"*:*_invisible",
								"comparison":"==",
								"compare_to":0
							}
						]
					}
				}
			]
		}
	},
	"disable_when_damaged": {
		"type": "origins:self_action_when_hit",
		"entity_action": {
			"type":"origins:change_resource",
			"resource":"*:*_disabled",
			"change": 1
		},
		"condition":{
			"type":"origins:and",
			"conditions":[
				{
					"type":"origins:resource",
					"resource":"*:*_invisible",
					"comparison":"==",
					"compare_to":1
				},
				{
					"type":"origins:resource",
					"resource":"*:*_disabled",
					"comparison":"==",
					"compare_to":0
				}
			]
		},
		"cooldown": 20
	}
}