{
  "display": {
    "icon": {
      "item": "minecraft:cracked_polished_blackstone_bricks"
    },
    "title": "Temple of Tears",
    "description": "Find an ancient sky temple",
    "frame": "goal",
    "show_toast": true,
    "announce_to_chat": true,
    "hidden": false
  },
  "parent": "dnl:story/structures/olympus/lord_of_olympus",
  "criteria": {
    "locate_temple_of_tears": {
      "trigger": "minecraft:location",
      "conditions": {
        "location": {
          "feature": "dnl:temple_of_tears"
        }
      }
    }
  },
  "requirements": [
    [
      "locate_temple_of_tears"
    ]
  ]
}