{
	"type":"origins:resource",
	"min":0,
	"max":20,
	"start_value":0,
	"hud_render":{
		"sprite_location":"origins:textures/gui/community/spiderkolo/resource_bar_01.png",
		"bar_index":10,
		"condition":{
			"type":"origins:and",
			"conditions":[
				{
					"type":"origins:resource",
					"resource":"pumpkin:bar",
					"comparison":"!=",
					"compare_to":0
				},
				{
					"type":"origins:resource",
					"resource":"pumpkin:bar",
					"comparison":"!=",
					"compare_to":20
				}
			]
		}
	},
	"hidden":true
}