{
    "type": "origins:conditioned_attribute",
    "modifier": {
        "attribute": "minecraft:generic.movement_speed",
        "operation": "addition",
        "value": 0.02
    },
    "tick_rate": 20,
    "condition": {
        "type":"origins:block_in_radius",
        "block_condition":{
			"type": "origins:in_tag",
			"tag": "pumpkin:autumn_leaves"
		},
        "radius":15,
        "comparison": ">=",
        "compare_to": 20
    },
	"name":"Autumn gourd",
	"description":"when byg is installed, being around fall leaves give you a slight speed boost (tailwind)"
}