{
	"type":"origins:multiple",
	"cant_eat":{
		"type":"origins:prevent_item_use",
		"item_condition":{
			"type":"origins:food"
		}
	},
	"cant_drink":{
		"type":"origins:prevent_item_use",
		"item_condition":{
			"type":"origins:ingredient",
			"ingredient":{
				"item":"minecraft:potion"
			}
		}
	},
	"no_cakes":{
		"type":"origins:prevent_block_use",
		"block_condition":{
			"type":"origins:block",
			"block":"minecraft:cake"
		}
	},
	"eat":{
		"type":"origins:action_over_time",
		"entity_action":{
			"type":"origins:feed",
			"food":1,
			"saturation":1
		},
		"interval":5,
		"condition":{
			"type":"origins:or",
			"conditions":[
				{
					"type":"origins:block_in_radius",
					"block_condition":{
						"type":"origins:or",
						"conditions":[
							{
								"type":"origins:and",
								"conditions":[
									{
										"type":"origins:block_state",
										"property":"moisture",
										"comparison":">=",
										"compare_to":1
									},
									{
										"type":"origins:block",
										"block":"minecraft:farmland"
									}
								]
							},
							{
								"type":"origins:and",
								"conditions":[
									{
										"type":"origins:block_state",
										"property":"level",
										"comparison":">=",
										"compare_to":7
									},
									{
										"type":"origins:block",
										"block":"minecraft:composter"
									}
								]
							}
						]
					},
					"radius":2
				},
                {
                    "type": "origins:in_rain"
                }
			]
		}
	},
	"name":"No mouth",
	"description":"you cant eat or drink potions, instead you suck nutrients from wet farmland and full composter. Also rain feeds you too"
}
