{
    "type":"origins:self_action_when_hit",
    "entity_action": {
        "type": "origins:and",
        "actions": [
            {
                "type": "origins:execute_command",
                "command": "loot spawn ~ ~1 ~ loot minecraft:blocks/carved_pumpkin"
            },
            {
                "type": "origins:play_sound",
                "sound": "minecraft:block.pumpkin.carve"
            },
            {
                "type": "origins:delay",
                "ticks": 1,
                "action": {
                    "type": "origins:and",
                    "actions": [
                        {
                            "type": "origins:execute_command",
                            "command": "execute as @s run data modify entity @e[type=item,sort=nearest,limit=1,name='Carved Pumpkin',] Item set from entity @s Inventory[{Slot:103b}]"
                        },
                        {
                            "type": "origins:execute_command",
                            "command": "replaceitem entity @s armor.head air"
                        }
                    ]
                }
            }
        ]
    },
    "damage_condition": {
        "type": "origins:attacker",
        "entity_condition": {
            "type": "origins:equipped_item",
            "equipment_slot": "mainhand",
            "item_condition": {
                "type": "origins:ingredient",
                "ingredient": {
                    "item": "minecraft:shears"
                }
            }
        }
    },
    "condition":{
        "type":"origins:and",
        "conditions":[
            {
                "type":"origins:equipped_item",
                "equipment_slot":"head",
                "item_condition":{
                    "type": "origins:ingredient",
                    "ingredient": {
                        "item": "minecraft:air"
                    }
                },
                "inverted":true
            },
            {
                "type":"origins:equipped_item",
                "equipment_slot":"head",
                "item_condition": {
                    "type": "origins:enchantment",
                    "enchantment": "minecraft:binding_curse",
                    "comparison": "!=",
                    "compare_to": 0
                },
                "inverted":true
            }
        ]
    },
    "cooldown":10,
	"name":"shearable",
	"description":"if someone hits you with shears, your pumpkin pops off!"
}