{
	"type":"origins:multiple",
	"pumpkin_health":{
        "type":"origins:conditioned_attribute",
        "modifier":{
            "attribute":"minecraft:generic.max_health",
            "operation":"addition",
            "value": 10
        },
        "tick_rate":20,
		"condition":{
            "type":"origins:equipped_item",
            "equipment_slot":"head",
            "item_condition":{
                "type":"origins:ingredient",
                "ingredient":{
                    "item":"minecraft:carved_pumpkin"
                }
            }
        }
    },
	"name":"Symbiotic",
	"description":"With a pumpkin on your head, you have the usual 10 hearts"
}