{
	"type":"origins:multiple",
	"update_bar":{
		"type":"origins:action_over_time",
		"entity_action":{
			"type":"origins:if_else_list",
			"actions":[
				{
					"action":{
						"type": "origins:and",
						"actions": [
							{
								"type":"origins:change_resource",
								"resource":"pumpkin:bar",
								"change":1
							}
						]
					},
					"condition":{
						"type":"origins:and",
						"conditions":[
							{
								"type":"origins:exposed_to_sun"
							},
							{
								"type":"origins:equipped_item",
								"equipment_slot":"head",
								"item_condition":{
									"type":"origins:ingredient",
									"ingredient":{
										"item":"minecraft:carved_pumpkin"
									}
								}
							},
							{
								"type":"origins:food_level",
								"comparison":">=",
								"compare_to":17
							},
							{
								"type":"origins:resource",
								"resource":"pumpkin:bar",
								"comparison":"<",
								"compare_to":20
							}
						]
					}
				},
				{
					"action":{
						"type":"origins:change_resource",
						"resource":"pumpkin:bar",
						"change":-20
					},
					"condition":{
						"type":"origins:equipped_item",
						"equipment_slot":"head",
						"item_condition":{
							"type":"origins:ingredient",
							"ingredient":{
								"item":"minecraft:carved_pumpkin"
							}
						},
						"inverted":true
					}
				}
			]
		},
		"interval":40
	},
	"when_hit":{
		"type":"origins:self_action_when_hit",
		"entity_action": {
			"type":"origins:change_resource",
			"resource":"pumpkin:bar",
			"change":-20
		},
		"cooldown":60
	},
	"name":"Gardian",
	"description":"You have an orange bar that shows how happy your pumpkin is. To make it happy you need to sit in the sunlight as well as have nutrience for it in the form of saturation. But be carefull! Taking damage makes your pumpkin very upset"
}