{
	"type":"origins:multiple",
	"shake":{
		"type":"origins:shaking",
		"condition":{
			"type":"origins:equipped_item",
			"equipment_slot":"head",
			"item_condition":{
				"type":"origins:ingredient",
				"ingredient":{
					"item":"minecraft:carved_pumpkin"
				}
			},
			"inverted":true
		}
	},
	"speed":{
		"type":"origins:action_over_time",
		"entity_action":{
			"type":"origins:execute_command",
			"command":"scale set pehkui:motion 2",
			"permission_level":4
		},
		"falling_action":{
			"type":"origins:execute_command",
			"command":"scale set pehkui:motion 1",
			"permission_level":4
		},
		"interval":20,
		"condition":{
			"type":"origins:and",
			"conditions":[
				{
					"type":"origins:equipped_item",
					"equipment_slot":"head",
					"item_condition":{
						"type":"origins:armor_value",
						"comparison":"<=",
						"compare_to":0
					}
				},
				{
					"type":"origins:equipped_item",
					"equipment_slot":"chest",
					"item_condition":{
						"type":"origins:armor_value",
						"comparison":"<=",
						"compare_to":0
					}
				},
				{
					"type":"origins:equipped_item",
					"equipment_slot":"legs",
					"item_condition":{
						"type":"origins:armor_value",
						"comparison":"<=",
						"compare_to":0
					}
				},
				{
					"type":"origins:equipped_item",
					"equipment_slot":"feet",
					"item_condition":{
						"type":"origins:armor_value",
						"comparison":"<=",
						"compare_to":0
					}
				},
				{
					"type":"origins:equipped_item",
					"equipment_slot":"head",
					"item_condition":{
						"type":"origins:ingredient",
						"ingredient":{
							"item":"minecraft:carved_pumpkin"
						}
					},
					"inverted":true
				}
			]
		}
	},
	"callback":{
		"type":"origins:action_on_callback",
		"entity_action_lost":{
			"type":"origins:execute_command",
			"command":"scale set pehkui:motion 1",
			"permission_level":4
		},
		"execute_chosen_when_orb":true
	},
	"name":"Uninhibited",
	"description":"you move twice as fast as long as you are not wearing anything. including your pumpkin"
}