{
	"type":"origins:multiple",
	"extra_reach":{
		"type":"origins:conditioned_attribute",
		"tick_rate":20,
		"modifiers":[
			{
				"name":"Extra Reach block reach",
				"attribute":"reach-entity-attributes:reach",
				"value":2,
				"operation":"addition"
			},
			{
				"name":"Extra Reach entity reach",
				"attribute":"reach-entity-attributes:attack_range",
				"value":2,
				"operation":"addition"
			}
		]
	},
	"no_fall_damage":{
		"type":"origins:invulnerability",
		"damage_condition":{
			"type":"origins:name",
			"name":"fall"
		}
	},
	"no_kenetic_damage":{
		"type":"origins:invulnerability",
		"damage_condition":{
			"type":"origins:name",
			"name":"flyIntoWall"
		}
	},
	"name":"Vine like limbs",
	"description":"you have longer reach, and take no fall damage."
}