{
    "type": "origins:multiple",
    "name": "Two Stomachs",
    "description": "You can only eat meat in phantom form, and your human form only eats plant-based foods.",
    "hidden": false,
    "loading_priority": 3,
    "o___0": {
        "type": "origins:prevent_item_use",
        "name": "Phantom Eat Meat",
        "hidden": true,
        "condition": {
            "type": "origins:power_active",
            "inverted": false,
            "power": "phantomrevamped:phantomize"
        },
        "item_condition": {
            "type": "origins:ingredient",
            "inverted": false,
            "ingredient": {
                "tag": "minecraft:veggies"
            }
        },
        "description": "yeah"
    },
    "o___1": {
        "type": "origins:prevent_item_use",
        "name": "human eat plant",
        "description": "maybe",
        "hidden": true,
        "condition": {
            "type": "origins:power_active",
            "inverted": true,
            "power": "phantomrevamped:phantomize"
        },
        "item_condition": {
            "type": "origins:meat",
            "inverted": false
        }
    }
}