{
    "type": "origins:multiple",
    "hidden": false,
    "name": "Phantom Form",
    "description": "Toggle elytra, and receive increased attack, but are slower and classify as Undead (Toggle in/out using Primary Key).",
    "loading_priority": 1,
    "o___0": {
        "type": "origins:elytra_flight",
        "hidden": true,
        "name": "wings",
        "render_elytra": true,
        "description": "ye",
        "condition": {
            "type": "origins:power_active",
            "inverted": false,
            "power": "phantomrevamped:phantomize"
        }
    },
    "o___1": {
        "type": "origins:conditioned_attribute",
        "tick_rate": 20,
        "name": "Fracture",
        "hidden": true,
        "condition": {
            "type": "origins:power_active",
            "inverted": false,
            "power": "phantomrevamped:phantomize"
        },
        "description": "20% speed and attack",
        "modifiers": [
            {
                "operation": "multiply_total",
                "value": -0.2,
                "attribute": "minecraft:generic.movement_speed"
            },
            {
                "operation": "multiply_total",
                "value": 0.2,
                "attribute": "minecraft:generic.attack_damage"
            }
        ]
    },
    "o___2": {
        "type": "origins:entity_group",
        "name": "undead",
        "condition": {
            "type": "origins:power_active",
            "inverted": false,
            "power": "phantomrevamped:phantomize"
        },
        "group": "undead",
        "description": "you undead bb",
        "hidden": false
    }
}