{
    "type": "origins:multiple",
    "name": "Photoallergic",
    "description": "You shiver and burn in the sun when in phantom form.",
    "hidden": false,
    "loading_priority": 2,
    "o___0": {
        "type": "origins:burn",
        "name": "burn",
        "interval": 20,
        "burn_duration": 2,
        "condition": {
            "type": "origins:and",
            "inverted": false,
            "conditions": [
                {
                    "type": "origins:exposed_to_sun",
                    "inverted": false
                },
                {
                    "type": "origins:power_active",
                    "inverted": false,
                    "power": "phantomrevamped:phantomize"
                }
            ]
        }
    },
    "o___1": {
        "type": "origins:shaking",
        "name": "shaky",
        "condition": {
            "type": "origins:and",
            "inverted": false,
            "conditions": [
                {
                    "type": "origins:exposed_to_sun",
                    "inverted": false
                },
                {
                    "type": "origins:power_active",
                    "inverted": false,
                    "power": "phantomrevamped:phantomize"
                }
            ]
        }
    }
}