{
	"type":"origins:action_on_callback",
	"entity_action_chosen":{
		"type":"origins:and",
		"actions":[
			{
				"type":"origins:execute_command",
				"permission_level":4,
				"command":"scale set pehkui:base 1.25"
			}
		]
	},
	"entity_action_respawned":{
		"type":"origins:and",
		"actions":[
			{
				"type":"origins:execute_command",
				"permission_level":4,
				"command":"scale set pehkui:base 1.25"
			}
		]
	},
	"entity_action_removed":{
		"type":"origins:and",
		"actions":[
			{
				"type":"origins:execute_command",
				"permission_level":4,
				"command":"scale set pehkui:base 1"
			}
		]
	},
	"entity_action_lost":{
		"type":"origins:and",
		"actions":[
			{
				"type":"origins:execute_command",
				"permission_level":4,
				"command":"scale set pehkui:base 1"
			}
		]
	},
	"name":"Big",
	"description":"Youre a slab bigger",
	"execute_chosen_when_orb":true
}