{
  "recipes": {
    "cincinnasite_forged_cincinnasite_stairs [default: true]": true,
    "cincinnasite_forged_cincinnasite_slab [default: true]": true,
    "cincinnasite_forged_cincinnasite_plate [default: true]": true,
    "cincinnasite_wall [default: true]": true,
    "nether_ruby_block_nether_ruby_stairs [default: true]": true,
    "nether_ruby_block_nether_ruby_slab [default: true]": true,
    "nether_brick_wall [default: true]": true,
    "nether_brick_tile_small_nether_brick_tile_slab [default: true]": true,
    "nether_brick_tile_small_nether_brick_tile_stairs [default: true]": true,
    "bone_block_bone_stairs [default: true]": true,
    "bone_block_bone_slab [default: true]": true,
    "bone_block_bone_button [default: true]": true,
    "bone_block_bone_plate [default: true]": true,
    "bone_wall [default: true]": true,
    "quartz_glass_white [default: true]": true,
    "quartz_glass_orange [default: true]": true,
    "quartz_glass_magenta [default: true]": true,
    "quartz_glass_light_blue [default: true]": true,
    "quartz_glass_yellow [default: true]": true,
    "quartz_glass_lime [default: true]": true,
    "quartz_glass_pink [default: true]": true,
    "quartz_glass_gray [default: true]": true,
    "quartz_glass_light_gray [default: true]": true,
    "quartz_glass_cyan [default: true]": true,
    "quartz_glass_purple [default: true]": true,
    "quartz_glass_blue [default: true]": true,
    "quartz_glass_brown [default: true]": true,
    "quartz_glass_green [default: true]": true,
    "quartz_glass_red [default: true]": true,
    "quartz_glass_black [default: true]": true,
    "quartz_glass_framed_white [default: true]": true,
    "quartz_glass_framed_orange [default: true]": true,
    "quartz_glass_framed_magenta [default: true]": true,
    "quartz_glass_framed_light_blue [default: true]": true,
    "quartz_glass_framed_yellow [default: true]": true,
    "quartz_glass_framed_lime [default: true]": true,
    "quartz_glass_framed_pink [default: true]": true,
    "quartz_glass_framed_gray [default: true]": true,
    "quartz_glass_framed_light_gray [default: true]": true,
    "quartz_glass_framed_cyan [default: true]": true,
    "quartz_glass_framed_purple [default: true]": true,
    "quartz_glass_framed_blue [default: true]": true,
    "quartz_glass_framed_brown [default: true]": true,
    "quartz_glass_framed_green [default: true]": true,
    "quartz_glass_framed_red [default: true]": true,
    "quartz_glass_framed_black [default: true]": true,
    "quartz_glass_pane_white [default: true]": true,
    "quartz_glass_pane_orange [default: true]": true,
    "quartz_glass_pane_magenta [default: true]": true,
    "quartz_glass_pane_light_blue [default: true]": true,
    "quartz_glass_pane_yellow [default: true]": true,
    "quartz_glass_pane_lime [default: true]": true,
    "quartz_glass_pane_pink [default: true]": true,
    "quartz_glass_pane_gray [default: true]": true,
    "quartz_glass_pane_light_gray [default: true]": true,
    "quartz_glass_pane_cyan [default: true]": true,
    "quartz_glass_pane_purple [default: true]": true,
    "quartz_glass_pane_blue [default: true]": true,
    "quartz_glass_pane_brown [default: true]": true,
    "quartz_glass_pane_green [default: true]": true,
    "quartz_glass_pane_red [default: true]": true,
    "quartz_glass_pane_black [default: true]": true,
    "quartz_glass_framed_pane_white [default: true]": true,
    "quartz_glass_framed_pane_orange [default: true]": true,
    "quartz_glass_framed_pane_magenta [default: true]": true,
    "quartz_glass_framed_pane_light_blue [default: true]": true,
    "quartz_glass_framed_pane_yellow [default: true]": true,
    "quartz_glass_framed_pane_lime [default: true]": true,
    "quartz_glass_framed_pane_pink [default: true]": true,
    "quartz_glass_framed_pane_gray [default: true]": true,
    "quartz_glass_framed_pane_light_gray [default: true]": true,
    "quartz_glass_framed_pane_cyan [default: true]": true,
    "quartz_glass_framed_pane_purple [default: true]": true,
    "quartz_glass_framed_pane_blue [default: true]": true,
    "quartz_glass_framed_pane_brown [default: true]": true,
    "quartz_glass_framed_pane_green [default: true]": true,
    "quartz_glass_framed_pane_red [default: true]": true,
    "quartz_glass_framed_pane_black [default: true]": true,
    "obsidian_bricks_obsidian_bricks_stairs [default: true]": true,
    "obsidian_bricks_obsidian_bricks_slab [default: true]": true,
    "obsidian_tile_small_obsidian_tile_stairs [default: true]": true,
    "obsidian_tile_small_obsidian_tile_slab [default: true]": true,
    "blue_obsidian_bricks_blue_obsidian_bricks_stairs [default: true]": true,
    "blue_obsidian_bricks_blue_obsidian_bricks_slab [default: true]": true,
    "blue_obsidian_tile_small_blue_obsidian_tile_stairs [default: true]": true,
    "blue_obsidian_tile_small_blue_obsidian_tile_slab [default: true]": true,
    "soul_sand_soul_sandstone [default: true]": true,
    "soul_sandstone_soul_sandstone_cut [default: true]": true,
    "soul_sandstone_smooth_soul_sandstone_chiseled [default: true]": true,
    "soul_sandstone_soul_sandstone_stairs [default: true]": true,
    "soul_sandstone_cut_soul_sandstone_cut_stairs [default: true]": true,
    "soul_sandstone_smooth_soul_sandstone_smooth_stairs [default: true]": true,
    "soul_sandstone_soul_sandstone_slab [default: true]": true,
    "soul_sandstone_cut_soul_sandstone_cut_slab [default: true]": true,
    "soul_sandstone_smooth_soul_sandstone_smooth_slab [default: true]": true,
    "soul_sandstone_wall [default: true]": true,
    "polished_basalt_basalt_bricks [default: true]": true,
    "basalt_bricks_basalt_bricks_stairs [default: true]": true,
    "basalt_bricks_basalt_bricks_slab [default: true]": true,
    "basalt_bricks_wall [default: true]": true,
    "basalt_basalt_slab [default: true]": true,
    "netherrack_stalactite_netherrack [default: true]": true,
    "glowstone_stalactite_glowstone [default: true]": true,
    "blackstone_stalactite_blackstone [default: true]": true,
    "basalt_stalactite_basalt [default: true]": true,
    "bone_stalactite_bone_block [default: true]": true,
    "cincinnasite_fire_bowl [default: true]": true,
    "bricks_fire_bowl [default: true]": true,
    "cincinnasite_fire_bowl_soul [default: true]": true,
    "bricks_fire_bowl_soul [default: true]": true,
    "nether_bricks_roof_tile_nether_bricks [default: true]": true,
    "roof_tile_nether_bricks_roof_tile_nether_bricks_stairs [default: true]": true,
    "roof_tile_nether_bricks_roof_tile_nether_bricks_slab [default: true]": true,
    "cincinnasite_forged_roof_tile_cincinnasite [default: true]": true,
    "roof_tile_cincinnasite_roof_tile_cincinnasite_stairs [default: true]": true,
    "roof_tile_cincinnasite_roof_tile_cincinnasite_slab [default: true]": true,
    "blackstone_furnace [default: true]": true,
    "basalt_furnace [default: true]": true,
    "netherrack_furnace [default: true]": true,
    "bn_glowstone_dust [default: true]": true,
    "cincinnasite_chains [default: true]": true,
    "glowstone_pile_to_dust [default: true]": true,
    "bn_yellow_dye [default: true]": true,
    "bn_golden_vine [default: true]": true,
    "wall_mushroom_brown_1 [default: true]": true,
    "wall_mushroom_brown_2 [default: true]": true,
    "wall_mushroom_red_1 [default: true]": true,
    "wall_mushroom_red_2 [default: true]": true,
    "cincinnasite_hammer [default: true]": true,
    "nether_ruby_hammer [default: true]": true,
    "cincinnasite_hammer_diamond [default: true]": true
  },
  "grid": {
    "crafting_table_crimson [default: true]": true,
    "crafting_table_warped [default: true]": true,
    "crimson_chest [default: true]": true,
    "warped_chest [default: true]": true,
    "crimson_barrel [default: true]": true,
    "warped_barrel [default: true]": true,
    "oak_taburet [default: true]": true,
    "spruce_taburet [default: true]": true,
    "birch_taburet [default: true]": true,
    "jungle_taburet [default: true]": true,
    "acacia_taburet [default: true]": true,
    "dark_oak_taburet [default: true]": true,
    "crimson_taburet [default: true]": true,
    "warped_taburet [default: true]": true,
    "taburet_cincinnasite [default: true]": true,
    "oak_chair [default: true]": true,
    "spruce_chair [default: true]": true,
    "birch_chair [default: true]": true,
    "jungle_chair [default: true]": true,
    "acacia_chair [default: true]": true,
    "dark_oak_chair [default: true]": true,
    "crimson_chair [default: true]": true,
    "warped_chair [default: true]": true,
    "chair_cincinnasite [default: true]": true,
    "oak_bar_stool [default: true]": true,
    "spruce_bar_stool [default: true]": true,
    "birch_bar_stool [default: true]": true,
    "jungle_bar_stool [default: true]": true,
    "acacia_bar_stool [default: true]": true,
    "dark_oak_bar_stool [default: true]": true,
    "crimson_bar_stool [default: true]": true,
    "warped_bar_stool [default: true]": true,
    "bar_stool_cincinnasite [default: true]": true,
    "crimson_ladder [default: true]": true,
    "warped_ladder [default: true]": true
  }
}