{
    "name": "Big jump",
    "description": "Sneak while you jump for big jump",
    "type": "origins:modify_jump",
    "modifier": {
        "operation": "addition",
        "value": 1
    },
    "entity_action": {
        "type": "origins:and",
        "actions": [
            {
                "type": "origins:play_sound",
                "sound": "minecraft:entity.goat.ram_impact",
                "volume": 0.7
            },
            {
                "type": "origins:execute_command",
                "command": "power grant @s satyr:temporary_fall_immune",
                "permission_level": 2
            },
            {
                "type": "origins:delay",
                "ticks": 40,
                "action": {
                    "type": "origins:execute_command",
                    "command": "power revoke @s satyr:temporary_fall_immune",
                    "permission_level": 2
                }
            }
        ]
    },
    "condition": {
        "type": "origins:and",
        "conditions": [
            {
                "type": "origins:sneaking"
            }
        ]
    }
}