{
    "display": {
        "icon": {
            "item": "minecraft:crossbow"
        },
        "title": "Ominous Sign",
        "description": "Locate one of the Illager Structures",
        "frame": "task",
        "show_toast": true,
        "announce_to_chat": true,
        "hidden": false
    },
    "parent": "dnl:story/general/locate_dungeon",
    "criteria": {
        "locate_mansion": {
            "trigger": "minecraft:location",
            "conditions": {
                "location": {
                    "feature": "dnl:mansion"
                }
            }
        },
        "locate_pillager_outpost": {
            "trigger": "minecraft:location",
            "conditions": {
                "location": {
                    "feature": "minecraft:pillager_outpost"
                }
            }
        },
        "locate_railway_outpost": {
            "trigger": "minecraft:location",
            "conditions": {
                "location": {
                    "feature": "dnl:railway_outpost"
                }
            }
        },
        "locate_cleric_hideout": {
            "trigger": "minecraft:location",
            "conditions": {
                "location": {
                    "feature": "dnl:cleric_hideout"
                }
            }
        },
        "locate_gallery_of_illusion": {
            "trigger": "minecraft:location",
            "conditions": {
                "location": {
                    "feature": "dnl:gallery_of_illusion"
                }
            }
        }
    },
    "requirements": [
        [
            "locate_mansion",
            "locate_pillager_outpost",
            "locate_railway_outpost",
            "locate_cleric_hideout",
            "locate_gallery_of_illusion"
        ]
    ]
}