{
    "type": "origins:action_over_time",
    "entity_action": {
        "type": "origins:and",
        "actions": [{
                "type": "origins:execute_command",
                "command": "origin set @s origins:origin fantasyorigins:cursed"
            },
            {
                "type": "origins:execute_command",
                "command": "playsound minecraft:entity.ender_dragon.growl voice @s ~ ~ ~ 100 1"
            },
            {
                "type": "origins:execute_command",
                "command": "particle minecraft:soul_fire_flame ~ ~ ~ 0.1 0.5 0.1 0.1 80 force"
            }
        ]
    },
    "interval": 20,
    "condition": {
        "type": "origins:health",
        "comparison": "<",
        "compare_to": 2
    },
    "hidden": true
}