{
  "type": "origins:conditioned_attribute",
  "modifiers": [
    {
      "attribute": "generic.movement_speed",
      "operation": "addition",
      "value": 0.05,
      "name": "full moon wolfkind bonus"
    },
    {
      "attribute": "generic.attack_damage",
      "operation": "addition",
      "value": 2.0,
      "name": "full moon wolfkind bonus"
    }
  ],
  "condition": {
    "type": "origins:and",
    "conditions": [
      {
        "type": "origins:daytime",
        "inverted": true
      },
      {
        "type": "fantasyorigins:is_full_moon"
      }
    ]
  },
    "name": "Full Moon",
  "description": "During a full moon Wolfkind are faster and stronger."
}