{
	"type": "origins:multiple",
	"golden_tool_boost": {
		"type": "origins:modify_damage_dealt",
		"modifier": {
			"operation": "addition",
			"value": 2.5
		},
		"condition": {
			"type": "origins:equipped_item",
			"equipment_slot": "mainhand",
			"item_condition": {
				"type": "origins:ingredient",
				"ingredient": {
					"tag": "medievalorigins:golden_tools"
				}
			}
		}
	},
	"golden_helmet_boost": {
		"type": "origins:conditioned_attribute",
		"modifier": {
			"attribute": "minecraft:generic.armor",
			"operation": "addition",
			"value": 1
		},
		"condition": {
			"type": "origins:equipped_item",
			"equipment_slot": "head",
			"item_condition": {
				"type": "origins:ingredient",
				"ingredient": {
					"tag": "medievalorigins:golden_armour"
				}
			}
		}
	},
	"golden_chestplate_boost": {
		"type": "origins:conditioned_attribute",
		"modifier": {
			"attribute": "minecraft:generic.armor",
			"operation": "addition",
			"value": 2
		},
		"condition": {
			"type": "origins:equipped_item",
			"equipment_slot": "chest",
			"item_condition": {
				"type": "origins:ingredient",
				"ingredient": {
					"tag": "medievalorigins:golden_armour"
				}
			}
		}
	},
	"golden_leggings_boost": {
		"type": "origins:conditioned_attribute",
		"modifier": {
			"attribute": "minecraft:generic.armor",
			"operation": "addition",
			"value": 2
		},
		"condition": {
			"type": "origins:equipped_item",
			"equipment_slot": "legs",
			"item_condition": {
				"type": "origins:ingredient",
				"ingredient": {
					"tag": "medievalorigins:golden_armour"
				}
			}
		}
	},
	"golden_boots_boost": {
		"type": "origins:conditioned_attribute",
		"modifier": {
			"attribute": "minecraft:generic.armor",
			"operation": "addition",
			"value": 1
		},
		"condition": {
			"type": "origins:equipped_item",
			"equipment_slot": "feet",
			"item_condition": {
				"type": "origins:ingredient",
				"ingredient": {
					"tag": "medievalorigins:golden_armour"
				}
			}
		}
	},
	"name": "Greedy",
  "description": "Goblins have a naturally greedy disposition. Anything gilded gives significantly more benefit to them than it would to others."
}