{
	"type": "origins:restrict_armor",
	"head": {
		"type": "origins:armor_value",
		"comparison": "<",
		"compare_to": 2
	},
	"chest": {
		"type": "origins:armor_value",
		"comparison": "<",
		"compare_to": 6
	},
	"legs": {
		"type": "origins:armor_value",
		"comparison": "<",
		"compare_to": 5
	},
	"feet": {
		"type": "origins:armor_value",
		"comparison": "<",
		"compare_to": 2
	},
	  "name": "Dwarven Pride",
  "description": "Dwarves refuse to wear armor that isn't made from the finest of metals. You can only wear heavy armor."
}