{
	"type": "origins:restrict_armor",
	"head": {
		"type": "origins:ingredient",
		"ingredient": {
			"item": "minecraft:iron_helmet"
		}
	},
	"chest": {
		"type": "origins:ingredient",
		"ingredient": {
			"item": "minecraft:iron_chestplate"
		}
	},
	"legs": {
		"type": "origins:ingredient",
		"ingredient": {
			"item": "minecraft:iron_leggings"
		}
	},
	"feet": {
		"type": "origins:ingredient",
		"ingredient": {
			"item": "minecraft:iron_boots"
		}
	},
	"name": "Iron Aversion",
  "description": "Iron inhibits fae powers. It is unbearable for them to wear it."
}