{
	"type": "origins:multiple",
	"regen": {
		"type": "origins:active_self",
		"entity_action": {
			"type": "origins:apply_effect",
			"effect": {
				"effect": "minecraft:regeneration",
				"is_ambient": true,
				"show_particles": false,
				"show_icon": false,
				"amplifier": 4,
				"duration": 20
			}
		},
		"cooldown": 600,
		"key": {
			"key": "key.origins.secondary_active",
			"continuous": false
		},
		"hud_render": {
			"should_render": "true"
		}
	},
	"regen_drain": {
		"type": "origins:active_self",
		"hidden": true,
		"entity_action": {
			"type": "origins:exhaust",
			"amount": 200
		},
		"cooldown": 600,
		"key": {
			"key": "key.origins.secondary_active",
			"continuous": false
		},
		"hud_render": {
			"should_render": "false"
		}
	},
	"name": "Regeneration",
  "description": "Faes are magic creatures. Press your secondary power key and you will regenerate health for a short period, at the cost of your hunger."
}