{
  "type": "origins:prevent_item_use",
  "item_condition": {
    "type": "origins:and",
    "conditions": [
      {
        "type": "origins:or",
        "conditions": [
          {
            "type": "origins:ingredient",
            "ingredient": {
              "tag": "fantasyorigins:edible_foods"
            }
          }
        ]
      },
      {
        "type": "origins:food"
      },
      {
        "type": "origins:ingredient",
        "ingredient": {
          "tag": "origins:ignore_diet"
        },
        "inverted": true
      }
    ]
  },
    "name": "Rotten Diet",
  "description": "Ghouls exclusively eat Rotten Flesh and Spider Eyes."
}