{
	"type": "origins:multiple",
	"siren_song_power": {
		"type": "origins:active_self",
		"entity_action": {
			"type": "origins:execute_command",
			"command": "function medievalorigins:mdvlorigins/siren_song_power"
		},
		"cooldown": 900,
		"key": {
			"key": "key.origins.primary_active",
			"continuous": false
		},
		"hud_render": {
			"should_render": true
		}
	},
	"siren_song_callback": {
		"type": "origins:action_on_callback",
		"entity_action_chosen": {
			"type": "origins:execute_command",
			"command": "function medievalorigins:mdvlorigins/siren_song_callon"
		},
		"entity_action_lost": {
			"type": "origins:execute_command",
			"command": "function medievalorigins:mdvlorigins/siren_song_callback"
		},
		"execute_chosen_when_orb": true
	},
	"siren_song_break": {
		"type": "origins:self_action_on_hit",
		"entity_action": {
			"type": "origins:execute_command",
			"command": "function medievalorigins:mdvlorigins/siren_song_break"
		},
		"cooldown": 900
	},
	"name": "Siren Song",
  "description": "Sirens are known for their alluring calls. Press G to make all mobs around you neutral until hit. (DOES NOT APPLY TO BOSSES, FOR OBVIOUS REASONS)"
}