{
	"type": "origins:action_over_time",
	"entity_action": {
		"type": "origins:if_else",
		"condition": {
			"type": "origins:and",
			"conditions": [{
					"type": "origins:exposed_to_sun"
				},
				{
					"type": "origins:equipped_item",
					"equipment_slot": "head",
					"item_condition": {
						"type": "origins:ingredient",
						"ingredient": {
							"tag": "fantasyorigins:helmet"
						}
					},
					"inverted": true
				}
			]
		},
		"if_action": {
			"type": "origins:set_on_fire",
			"duration": 5
			
		},
		"else_action": {
			"type": "origins:extinguish"
		}
	},
	"interval": 5,
	  "name": "Sun Aversion",
  "description": "Like most undead; Ghouls burn in daylight if not wearing a helmet."
}