{
  "type": "origins:modify_exhaustion",
  "modifier": {
        "name": "Increased exhaustion",
        "operation": "multiply_base",
        "value": 1.0
  },
  "condition": {
  	"type": "origins:and",
  	"conditions": [
  		{
  			"type": "origins:on_block",
  			"block_condition": {
  				"type": "origins:height",
  				"comparison": ">=",
  				"compare_to": 62
  			}
  		},
  		{
  			"type": "origins:exposed_to_sky"
  		}
  	]
  	
  },
  "name": "Surface Fatigue",
  "description": "Dwarves exhaust faster on the surface."
}