{
	"type": "origins:target_action_on_hit",
	"entity_action": {
		"type": "origins:choice",
		"actions": [{
				"element": {
					"type": "origins:apply_effect",
					"effect": {
						"effect": "minecraft:poison",
						"is_ambient": true,
						"show_particles": false,
						"amplifier": 1,
						"duration": 200
					}
				},
				"weight": 1
			},
			{
				"element": {
					"type": "origins:execute_command",
					"command": "particle minecraft:damage_indicator ~ ~ ~"
				},
				"weight": 2
			}
		]
	},
	"cooldown": 0,
	"hud_render": {
		"should_render": false
	}
}