{
	"type": "origins:action_over_time",
	"entity_action": {
		"type": "origins:if_else",
		"condition": {
			"type": "origins:submerged_in",
			"fluid": "minecraft:water"
		},
		"if_action": {
			"type": "origins:apply_effect",
			"effect": {
				"effect": "minecraft:night_vision",
				"is_ambient": true,
				"show_particles": false,
				"show_icon": false,
				"amplifier": 255,
				"duration": 250
			}
		},
		"else_action": {
			"type": "origins:clear_effect",
			"effect": "minecraft:night_vision"
		}
	},
	"interval": 5,
	"name": "Water Vision",
  "description": "Sirens have superior underwater vision than other creatures."
}