{
	"type": "origins:active_self",
	"cooldown": 3600,
	"hud_render": {
	  "should_render":true,
	  "sprite_location":"origins:textures/gui/resource_bar.png",
	  "bar_index": 4
	},
	"entity_action": {
		"type": "origins:and",
		"actions": [ 
		{
		  "type": "origins:execute_command",
		  "command": "playsound minecraft:entity.wolf.howl master @a ~ ~ ~ 3 0.4",
		  "permission_level": 4
		},
		{
		  "type": "origins:execute_command",
		  "command": "effect give @e[distance=..25] glowing 10 1 true",
		  "permission_level": 4
		},
		{
		  "type": "origins:execute_command",
		  "command": "effect give @p resistance 10 1",
		  "permission_level": 4
		},
		  {
		  "type": "origins:execute_command",
		  "command": "effect give @p strength 10 1",
		  "permission_level": 4
		},
		{
		"type": "origins:execute_command",
		"command": "effect give @p speed 10 2",
		"permission_level": 4
		}
		],
		"cooldown": 20,
		"hud_render": 
		{
			"should_render": true,
			"sprite_location": "origins:textures/gui/resource_bar.png",
			"bar_index": 6
		}
	},
	"name": "Howl Instinct",
	"description": "Press 'G' to call upon your Canine instincts, boosting your strength and speed in a frenzied rage."
}




