{
    "type": "origins:action_on_callback",
    "entity_action_chosen": {
        "type": "origins:and",
        "actions":[
            {
                "type": "origins:execute_command",
                "command": "team add wither_skeleton",
                "permission_level": 4
            },
            {
                "type": "origins:execute_command",
                "command": "team join wither_skeleton",
                "permission_level": 4
            }
        ]

    },
    "entity_action_removed": {
      "type": "origins:execute_command",
      "command": "team leave @s",
      "permission_level": 4
    },
    "name": "Fortress Freinds",
    "description": "They understand."
}