{
    "type": "origins:action_over_time",
    "entity_action": {
        "type": "origins:and",
        "actions":[
        {       
            "type": "origins:execute_command",
            "command": "team join wither_skeleton @e[type=minecraft:wither_skeleton,team=!wither_skeleton]",
            "permission_level": 4
        },
		{       
            "type": "origins:execute_command",
            "command": "team join wither_skeleton @e[type=minecraft:skeleton,team=!wither_skeleton]",
            "permission_level": 4
        },
        {
            "type": "origins:execute_command",
            "command": "team join wither_skeleton @e[type=minecraft:blaze,team=!wither_skeleton]",
            "permission_level": 4
        }
        ]
    },
    "interval": 2,
    "hidden": true
}