{
	"powers": [
		"neph:flight",
		"neph:habits",
		"neph:ashes",
		"neph:transparent",
		"neph:water",
		"neph:clumsy",
		"neph:revenge",
		"neph:lava",
		"neph:vision",
		"neph:home",
		"neph:smite",
		"neph:iron_armor_only"
	],
	"icon": "minecraft:magma_block",
	"order": 10,
	"impact": 3,
	"name": "Nephil",
	"description": "Your parents were from vastly different dimensions, but their magics still run in your veins. You are a hybrid of the Elytrian and an ancient Netherian."
}
