{
    "hidden": true,
    "type": "origins:active_self",
    "description": "You have the ability to control the ages of mobs such as bees and sheep. Right Clicking on one with a clock in your main hand will age them up, instantly turning them into an adult. Right clicking them with a clock in your offhand will turn them into a baby. Finally, right clicking them with a clock in BOTH hands will consume both clocks and make the animal permanently become a baby.",
    "name": "Age Control",
    "condition": {
        "type": "origins:and",
        "inverted": false,
        "conditions": [
            {
                "type": "origins:equipped_item",
                "inverted": false,
                "equipment_slot": "offhand",
                "item_condition": {
                    "type": "origins:ingredient",
                    "inverted": false,
                    "ingredient": {
                        "item": "minecraft:clock"
                    }
                }
            },
            {
                "type": "origins:equipped_item",
                "inverted": false,
                "equipment_slot": "mainhand",
                "item_condition": {
                    "type": "origins:ingredient",
                    "inverted": false,
                    "ingredient": {
                        "item": "minecraft:clock"
                    }
                }
            },
            {
                "type": "origins:resource",
                "inverted": false,
                "comparison": "==",
                "resource": "timeorigin:ageprimeresource",
                "compare_to": 51
            }
        ]
    },
    "cooldown": 600,
    "key": {
        "key": "secondary",
        "continuous": true
    },
    "entity_action": {
        "type": "origins:and",
        "actions": [
            {
                "type": "origins:execute_command",
                "permission_level": 4,
                "command": "execute as @e[sort=nearest,distance=0.0..2.5,type=!minecraft:player,type=!minecraft:area_effect_cloud,type=!minecraft:item] run data merge entity @s {Age:-180000000}"
            },
            {
                "type": "origins:execute_command",
                "permission_level": 4,
                "command": "execute as @e[sort=nearest,distance=0.0..2.5,type=minecraft:item] run data merge entity @s {Age:-32768}"
            },
            {
                "type": "origins:execute_command",
                "permission_level": 4,
                "command": "execute as @e[sort=nearest,distance=0.0..2.5,type=!minecraft:player,type=!minecraft:area_effect_cloud,type=!minecraft:item] run data merge entity @s {IsBaby:1b}"
            },
            {
                "type": "origins:chance",
                "chance": 1,
                "action": {
                    "type": "origins:change_resource",
                    "resource": "timeorigin:timefatigueresource",
                    "change": 25
                }
            },
            {
                "type": "origins:execute_command",
                "permission_level": 4,
                "command": "playsound entity.evoker.prepare_attack master @s ~ ~ ~ 2"
            },
            {
                "type": "origins:execute_command",
                "permission_level": 4,
                "command": "playsound block.respawn_anchor.set_spawn master @s ~ ~ ~ 2"
            },
            {
                "type": "origins:execute_command",
                "permission_level": 4,
                "command": "tellraw @s \"TEMPORAL CASCADE COMPLETE: GENETIC RESEQUENCING PROCESS TERMINATED\""
            }
        ]
    },
    "hud_render": {
        "should_render": true,
        "sprite_location": "origins:textures/gui/community/spiderkolo/resource_bar_03.png",
        "bar_index": 9
    }
}