{
    "hidden": true,
    "type": "origins:active_self",
    "name": "Recall Primer",
    "condition": {
        "type": "origins:and",
        "inverted": false,
        "conditions": [
            {
                "type": "origins:equipped_item",
                "inverted": false,
                "equipment_slot": "mainhand",
                "item_condition": {
                    "type": "origins:ingredient",
                    "inverted": false,
                    "ingredient": {
                        "item": "minecraft:clock"
                    }
                }
            },
            {
                "type": "origins:equipped_item",
                "inverted": false,
                "equipment_slot": "offhand",
                "item_condition": {
                    "type": "origins:ingredient",
                    "inverted": false,
                    "ingredient": {
                        "item": "minecraft:clock"
                    }
                }
            }
        ]
    },
    "cooldown": 5,
    "key": {
        "key": "secondary",
        "continuous": true
    },
    "hud_render": {
        "should_render": false,
        "sprite_location": "origins:textures/gui/resource_bar.png"
    },
    "entity_action": {
        "type": "origins:and",
        "actions": [
            {
                "type": "origins:execute_command",
                "permission_level": 4,
                "command": "/particle enchant ~ ~ ~ .125 .25 .125 1 5 force"
            },
            {
                "type": "origins:execute_command",
                "permission_level": 4,
                "command": "summon area_effect_cloud ~ ~ ~ {Particle:\"enchant\",Radius:2.5f,Duration:5}"
            },
            {
                "type": "origins:if_else",
                "condition": {
                    "type": "origins:and",
                    "inverted": false,
                    "conditions": [
                        {
                            "type": "origins:resource",
                            "inverted": false,
                            "comparison": ">",
                            "resource": "timeorigin:ageprimeresource",
                            "compare_to": 0
                        },
                        {
                            "type": "origins:resource",
                            "inverted": false,
                            "comparison": "<",
                            "resource": "timeorigin:ageprimeresource",
                            "compare_to": 33
                        }
                    ]
                },
                "if_action": {
                    "type": "origins:chance",
                    "chance": 1,
                    "action": {
                        "type": "origins:choice",
                        "actions": [
                            {
                                "weight": 10,
                                "element": {
                                    "type": "origins:execute_command",
                                    "permission_level": 4,
                                    "command": "tellraw @s \"Locating Target Entity...\""
                                }
                            },
                            {
                                "weight": 10,
                                "element": {
                                    "type": "origins:execute_command",
                                    "permission_level": 4,
                                    "command": "tellraw @s \"Carbon Dating In Progress...\""
                                }
                            },
                            {
                                "weight": 10,
                                "element": {
                                    "type": "origins:execute_command",
                                    "permission_level": 4,
                                    "command": "tellraw @s \"Isolating Temporal Field...\""
                                }
                            },
                            {
                                "weight": 10,
                                "element": {
                                    "type": "origins:execute_command",
                                    "permission_level": 4,
                                    "command": "tellraw @s \"Connecting 3D Metadata...\""
                                }
                            },
                            {
                                "weight": 10,
                                "element": {
                                    "type": "origins:execute_command",
                                    "permission_level": 4,
                                    "command": "tellraw @s \"Reconstructing Genetic Code...\""
                                }
                            },
                            {
                                "weight": 10,
                                "element": {
                                    "type": "origins:execute_command",
                                    "permission_level": 4,
                                    "command": "tellraw @s \"KMS Charge Accumulation In Progress...\""
                                }
                            },
                            {
                                "weight": 10,
                                "element": {
                                    "type": "origins:execute_command",
                                    "permission_level": 4,
                                    "command": "tellraw @s \"Molecular Analysis Completed...\""
                                }
                            },
                            {
                                "weight": 10,
                                "element": {
                                    "type": "origins:execute_command",
                                    "permission_level": 4,
                                    "command": "tellraw @s \"Reconstructing External Field...\""
                                }
                            },
                            {
                                "weight": 10,
                                "element": {
                                    "type": "origins:execute_command",
                                    "permission_level": 4,
                                    "command": "tellraw @s \"Structural Analysis Underway...\""
                                }
                            }
                        ]
                    }
                }
            },
            {
                "type": "origins:if_else",
                "condition": {
                    "type": "origins:and",
                    "inverted": false,
                    "conditions": [
                        {
                            "type": "origins:resource",
                            "inverted": false,
                            "comparison": "==",
                            "resource": "timeorigin:ageprimeresource",
                            "compare_to": 12
                        }
                    ]
                },
                "if_action": {
                    "type": "origins:chance",
                    "chance": 1,
                    "action": {
                        "type": "origins:and",
                        "actions": [
                            {
                                "type": "origins:execute_command",
                                "permission_level": 4,
                                "command": "tellraw @s \"SYSTEM CALIBRATION STEP 1 OF 3 COMPLETE\""
                            },
                            {
                                "type": "origins:execute_command",
                                "permission_level": 4,
                                "command": "tellraw @s \"SYSTEM CALIBRATION STEP 1 OF 3 COMPLETE\""
                            },
                            {
                                "type": "origins:execute_command",
                                "permission_level": 4,
                                "command": "tellraw @s \"SYSTEM CALIBRATION STEP 1 OF 3 COMPLETE\""
                            },
                            {
                                "type": "origins:execute_command",
                                "permission_level": 4,
                                "command": "playsound block.respawn_anchor.charge master @s ~ ~ ~ 2"
                            }
                        ]
                    }
                }
            },
            {
                "type": "origins:if_else",
                "condition": {
                    "type": "origins:and",
                    "inverted": false,
                    "conditions": [
                        {
                            "type": "origins:resource",
                            "inverted": false,
                            "comparison": "==",
                            "resource": "timeorigin:ageprimeresource",
                            "compare_to": 22
                        }
                    ]
                },
                "if_action": {
                    "type": "origins:chance",
                    "chance": 1,
                    "action": {
                        "type": "origins:and",
                        "actions": [
                            {
                                "type": "origins:execute_command",
                                "permission_level": 4,
                                "command": "tellraw @s \"SYSTEM CALIBRATION STEP 2 OF 3 COMPLETE\""
                            },
                            {
                                "type": "origins:execute_command",
                                "permission_level": 4,
                                "command": "tellraw @s \"SYSTEM CALIBRATION STEP 2 OF 3 COMPLETE\""
                            },
                            {
                                "type": "origins:execute_command",
                                "permission_level": 4,
                                "command": "tellraw @s \"SYSTEM CALIBRATION STEP 2 OF 3 COMPLETE\""
                            },
                            {
                                "type": "origins:execute_command",
                                "permission_level": 4,
                                "command": "playsound block.respawn_anchor.charge master @s ~ ~ ~ 2"
                            }
                        ]
                    }
                }
            },
            {
                "type": "origins:if_else",
                "condition": {
                    "type": "origins:and",
                    "inverted": false,
                    "conditions": [
                        {
                            "type": "origins:resource",
                            "inverted": false,
                            "comparison": "==",
                            "resource": "timeorigin:ageprimeresource",
                            "compare_to": 32
                        }
                    ]
                },
                "if_action": {
                    "type": "origins:chance",
                    "chance": 1,
                    "action": {
                        "type": "origins:and",
                        "actions": [
                            {
                                "type": "origins:execute_command",
                                "permission_level": 4,
                                "command": "tellraw @s \"SYSTEM CALIBRATION STEP 3 OF 3 COMPLETE\""
                            },
                            {
                                "type": "origins:execute_command",
                                "permission_level": 4,
                                "command": "tellraw @s \"SYSTEM CALIBRATION STEP 3 OF 3 COMPLETE\""
                            },
                            {
                                "type": "origins:execute_command",
                                "permission_level": 4,
                                "command": "tellraw @s \"SYSTEM CALIBRATION STEP 3 OF 3 COMPLETE\""
                            },
                            {
                                "type": "origins:execute_command",
                                "permission_level": 4,
                                "command": "playsound block.respawn_anchor.charge master @s ~ ~ ~ 2"
                            }
                        ]
                    }
                }
            },
            {
                "type": "origins:if_else",
                "condition": {
                    "type": "origins:and",
                    "inverted": false,
                    "conditions": [
                        {
                            "type": "origins:resource",
                            "inverted": false,
                            "comparison": ">",
                            "resource": "timeorigin:ageprimeresource",
                            "compare_to": 42
                        },
                        {
                            "type": "origins:resource",
                            "inverted": false,
                            "comparison": "<",
                            "resource": "timeorigin:ageprimeresource",
                            "compare_to": 50
                        }
                    ]
                },
                "if_action": {
                    "type": "origins:chance",
                    "chance": 1,
                    "action": {
                        "type": "origins:and",
                        "actions": [
                            {
                                "type": "origins:execute_command",
                                "permission_level": 4,
                                "command": "tellraw @s \"PREPARE FOR LOCALIZED TEMPORAL CASCADE\""
                            },
                            {
                                "type": "origins:execute_command",
                                "permission_level": 4,
                                "command": "playsound entity.ender_eye.death master @s ~ ~ ~ 2"
                            },
                            {
                                "type": "origins:execute_command",
                                "permission_level": 4,
                                "command": "playsound entity.entity.vex.hurt master @s ~ ~ ~ 2"
                            },
                            {
                                "type": "origins:choice",
                                "actions": [
                                    {
                                        "weight": 10,
                                        "element": {
                                            "type": "origins:execute_command",
                                            "permission_level": 4,
                                            "command": "/summon area_effect_cloud ~ ~0.25 ~ {Particle:\"enchant\",Radius:2.5f,RadiusPerTick:-0.25f,Duration:10}"
                                        }
                                    },
                                    {
                                        "weight": 10,
                                        "element": {
                                            "type": "origins:execute_command",
                                            "permission_level": 4,
                                            "command": "/summon area_effect_cloud ~ ~0.5 ~ {Particle:\"enchant\",Radius:2.5f,RadiusPerTick:-0.25f,Duration:10}"
                                        }
                                    },
                                    {
                                        "weight": 10,
                                        "element": {
                                            "type": "origins:execute_command",
                                            "permission_level": 4,
                                            "command": "/summon area_effect_cloud ~ ~0.7.5 ~ {Particle:\"enchant\",Radius:2.5f,RadiusPerTick:-0.25f,Duration:10}"
                                        }
                                    },
                                    {
                                        "weight": 10,
                                        "element": {
                                            "type": "origins:execute_command",
                                            "permission_level": 4,
                                            "command": "/summon area_effect_cloud ~ ~1 ~ {Particle:\"enchant\",Radius:2.5f,RadiusPerTick:-0.25f,Duration:10}"
                                        }
                                    },
                                    {
                                        "weight": 10,
                                        "element": {
                                            "type": "origins:execute_command",
                                            "permission_level": 4,
                                            "command": "/summon area_effect_cloud ~ ~1.25 ~ {Particle:\"enchant\",Radius:2.5f,RadiusPerTick:-0.25f,Duration:10}"
                                        }
                                    },
                                    {
                                        "weight": 10,
                                        "element": {
                                            "type": "origins:execute_command",
                                            "permission_level": 4,
                                            "command": "/summon area_effect_cloud ~ ~1.5 ~ {Particle:\"enchant\",Radius:2.5f,RadiusPerTick:-0.25f,Duration:10}"
                                        }
                                    },
                                    {
                                        "weight": 10,
                                        "element": {
                                            "type": "origins:execute_command",
                                            "permission_level": 4,
                                            "command": "/summon area_effect_cloud ~ ~1.75 ~ {Particle:\"enchant\",Radius:2.5f,RadiusPerTick:-0.25f,Duration:10}"
                                        }
                                    },
                                    {
                                        "weight": 10,
                                        "element": {
                                            "type": "origins:execute_command",
                                            "permission_level": 4,
                                            "command": "/summon area_effect_cloud ~ ~2.00 ~ {Particle:\"enchant\",Radius:2.5f,RadiusPerTick:-0.25f,Duration:10}"
                                        }
                                    },
                                    {
                                        "weight": 10,
                                        "element": {
                                            "type": "origins:execute_command",
                                            "permission_level": 4,
                                            "command": "/summon area_effect_cloud ~ ~2.25 ~ {Particle:\"enchant\",Radius:2.5f,RadiusPerTick:-0.25f,Duration:10}"
                                        }
                                    },
                                    {
                                        "weight": 10,
                                        "element": {
                                            "type": "origins:execute_command",
                                            "permission_level": 4,
                                            "command": "/summon area_effect_cloud ~ ~2.50 ~ {Particle:\"enchant\",Radius:2.5f,RadiusPerTick:-0.25f,Duration:10}"
                                        }
                                    }
                                ]
                            }
                        ]
                    }
                }
            },
            {
                "type": "origins:change_resource",
                "resource": "timeorigin:ageprimeresource",
                "change": 2
            }
        ]
    }
}