{
    "hidden": true,
    "type": "origins:active_self",
    "cooldown": 60,
    "key": {
        "key": "secondary",
        "continuous": true
    },
    "hud_render": {
        "should_render": false,
        "sprite_location": "origins:textures/gui/resource_bar.png"
    },
    "entity_action": {
        "type": "origins:execute_command",
        "permission_level": 4,
        "command": "playsound entity.zombie_villager.converted master @s ~ ~ ~ 2"
    },
    "condition": {
        "type": "origins:and",
        "inverted": false,
        "conditions": [
            {
                "type": "origins:resource",
                "inverted": false,
                "comparison": ">",
                "resource": "timeorigin:ageprimeresource",
                "compare_to": 0
            },
            {
                "type": "origins:resource",
                "inverted": false,
                "comparison": "<",
                "resource": "timeorigin:ageprimeresource",
                "compare_to": 35
            },
            {
                "type": "origins:equipped_item",
                "inverted": false,
                "equipment_slot": "mainhand",
                "item_condition": {
                    "type": "origins:ingredient",
                    "inverted": false,
                    "ingredient": {
                        "item": "minecraft:clock"
                    }
                }
            },
            {
                "type": "origins:equipped_item",
                "inverted": false,
                "equipment_slot": "offhand",
                "item_condition": {
                    "type": "origins:ingredient",
                    "inverted": false,
                    "ingredient": {
                        "item": "minecraft:clock"
                    }
                }
            }
        ]
    }
}