{
    "hidden": true,
    "type": "origins:active_self",
    "description": "You have the ability to control the ages of mobs such as bees and sheep. Pressing secondary key (which you can reassign to right click) activates one of three powers depending on which hand you hold your Clock in:\n\nAge-Up: Holding your clock in your Main Hand will cause a targeted entity to instantaneously become an adult version of themself.\n\nAge-Down: Holding your clock in your Offhand will cause a targeted entity to instantly become a baby version of themself.\n\nPermanent Age-Down: Holding a clock in both your Offhand and Main Hand will cause the targeted entity to instantly revert into a baby version of themself and stay that way permanently.",
    "name": "Age Control",
    "condition": {
        "type": "origins:and",
        "inverted": false,
        "conditions": [
            {
                "type": "origins:equipped_item",
                "inverted": true,
                "equipment_slot": "offhand",
                "item_condition": {
                    "type": "origins:ingredient",
                    "inverted": false,
                    "ingredient": {
                        "item": "minecraft:clock"
                    }
                }
            },
            {
                "type": "origins:equipped_item",
                "inverted": false,
                "equipment_slot": "mainhand",
                "item_condition": {
                    "type": "origins:ingredient",
                    "inverted": false,
                    "ingredient": {
                        "item": "minecraft:clock"
                    }
                }
            }
        ]
    },
    "cooldown": 10,
    "key": "secondary",
    "entity_action": {
        "type": "origins:and",
        "actions": [
            {
                "type": "origins:execute_command",
                "permission_level": 4,
                "command": "execute as @e[limit=1,sort=nearest,distance=0.0..2,type=!minecraft:player,type=!minecraft:area_effect_cloud,type=!minecraft:item,nbt=!{Age:0}] run data merge entity @s {Age:0}"
            },
            {
                "type": "origins:execute_command",
                "permission_level": 4,
                "command": "execute as @e[limit=1,sort=nearest,distance=0.0..2,type=!minecraft:player,type=!minecraft:area_effect_cloud,type=!minecraft:item,nbt=!{Age:0b}] run data merge entity @s {IsBaby:0b}"
            },
            {
                "type": "origins:chance",
                "chance": 0.5,
                "action": {
                    "type": "origins:change_resource",
                    "resource": "timeorigin:timefatigueresource",
                    "change": 1
                }
            },
            {
                "type": "origins:execute_command",
                "permission_level": 4,
                "command": "/particle enchant ~ ~ ~ .125 .25 .125 1 25 force"
            },
            {
                "type": "origins:execute_command",
                "permission_level": 4,
                "command": "playsound block.enchantment_table.use master @s ~ ~ ~ 2"
            }
        ]
    },
    "hud_render": {
        "should_render": false,
        "sprite_location": "origins:textures/gui/resource_bar.png"
    }
}