{
    "hidden": true,
    "type": "origins:action_over_time",
    "interval": 200,
    "entity_action": {
        "actions": [
            {
                "type": "origins:execute_command",
                "permission_level": 4,
                "command": "scoreboard objectives add timeshftpos0.1.1 dummy"
            },
            {
                "type": "origins:execute_command",
                "permission_level": 4,
                "command": "scoreboard objectives add timeshftpos1.1.1 dummy"
            },
            {
                "type": "origins:execute_command",
                "permission_level": 4,
                "command": "scoreboard objectives add timeshftpos2.1.1 dummy"
            },
            {
                "type": "origins:execute_command",
                "permission_level": 4,
                "command": "scoreboard objectives add timeshftpos0.1.2 dummy"
            },
            {
                "type": "origins:execute_command",
                "permission_level": 4,
                "command": "scoreboard objectives add timeshftpos1.1.2 dummy"
            },
            {
                "type": "origins:execute_command",
                "permission_level": 4,
                "command": "scoreboard objectives add timeshftpos2.1.2 dummy"
            },
            {
                "type": "origins:execute_command",
                "permission_level": 4,
                "command": "scoreboard objectives add timeshftpos0.1.3 dummy"
            },
            {
                "type": "origins:execute_command",
                "permission_level": 4,
                "command": "scoreboard objectives add timeshftpos1.1.3 dummy"
            },
            {
                "type": "origins:execute_command",
                "permission_level": 4,
                "command": "scoreboard objectives add timeshftpos2.1.3 dummy"
            },
            {
                "type": "origins:execute_command",
                "permission_level": 4,
                "command": "scoreboard objectives add timeshftpos0.1.4 dummy"
            },
            {
                "type": "origins:execute_command",
                "permission_level": 4,
                "command": "scoreboard objectives add timeshftpos1.1.4 dummy"
            },
            {
                "type": "origins:execute_command",
                "permission_level": 4,
                "command": "scoreboard objectives add timeshftpos2.1.4 dummy"
            },
            {
                "type": "origins:execute_command",
                "permission_level": 4,
                "command": "scoreboard objectives add timeshftpos0.1.5 dummy"
            },
            {
                "type": "origins:execute_command",
                "permission_level": 4,
                "command": "scoreboard objectives add timeshftpos1.1.5 dummy"
            },
            {
                "type": "origins:execute_command",
                "permission_level": 4,
                "command": "scoreboard objectives add timeshftpos2.1.5 dummy"
            },
            {
                "type": "origins:execute_command",
                "permission_level": 4,
                "command": "scoreboard objectives add timeshftpos1.2 dummy"
            },
            {
                "type": "origins:execute_command",
                "permission_level": 4,
                "command": "scoreboard objectives add timeshftpos0.2 dummy"
            },
            {
                "type": "origins:execute_command",
                "permission_level": 4,
                "command": "scoreboard objectives add timeshftpos2.2 dummy"
            },
            {
                "type": "origins:execute_command",
                "permission_level": 4,
                "command": "attribute @s minecraft:generic.max_health base set 16"
            },
            {
                "type": "origins:execute_command",
                "permission_level": 4,
                "command": "scoreboard objectives add timeshftid dummy"
            },
            {
                "type": "origins:execute_command",
                "permission_level": 4,
                "command": "/scoreboard players add $timeshftglobal timeshftid 0"
            },
            {
                "type": "origins:execute_command",
                "permission_level": 4,
                "command": "/execute as @a unless score @s timeshftid = @s timeshftid store result score @s timeshftid run scoreboard players add #timeshftglobal timeshftid 1"
            },
            {
                "type": "origins:execute_command",
                "permission_level": 4,
                "command": "/scoreboard players add $timeshfttempid timeshftid 0"
            },
            {
                "type": "origins:execute_command",
                "permission_level": 4,
                "command": "/scoreboard objectives add timeshftdimens1 dummy"
            },
            {
                "type": "origins:execute_command",
                "permission_level": 4,
                "command": "/scoreboard objectives add timeshftdimens2 dummy"
            },
            {
                "type": "origins:execute_command",
                "permission_level": 4,
                "command": "/scoreboard objectives add timeshftdimens3 dummy"
            },
            {
                "type": "origins:execute_command",
                "permission_level": 4,
                "command": "/scoreboard objectives add timeshftdimens4 dummy"
            },
            {
                "type": "origins:execute_command",
                "permission_level": 4,
                "command": "/scoreboard objectives add timeshftdimens5 dummy"
            },
            {
                "type": "origins:execute_command",
                "permission_level": 4,
                "command": "/scoreboard objectives add timeshftdimens6 dummy"
            },
            {
                "type": "origins:execute_command",
                "permission_level": 4,
                "command": "/scoreboard objectives add timeshftdimens7 dummy"
            }
        ],
        "type": "origins:and"
    }
}