{
    "hidden": true,
    "type": "origins:action_on_callback",
    "name": "Dummy Setup 1",
    "description": "sets up the dummies for Recall Minor",
    "execute_chosen_when_orb": true,
    "entity_action_chosen": {
        "actions": [
            {
                "type": "origins:execute_command",
                "permission_level": 4,
                "command": "scoreboard objectives add timeshftpos0.1.1 dummy"
            },
            {
                "type": "origins:execute_command",
                "permission_level": 4,
                "command": "scoreboard objectives add timeshftpos1.1.1 dummy"
            },
            {
                "type": "origins:execute_command",
                "permission_level": 4,
                "command": "scoreboard objectives add timeshftpos2.1.1 dummy"
            },
            {
                "type": "origins:execute_command",
                "permission_level": 4,
                "command": "scoreboard objectives add timeshftpos0.1.2 dummy"
            },
            {
                "type": "origins:execute_command",
                "permission_level": 4,
                "command": "scoreboard objectives add timeshftpos1.1.2 dummy"
            },
            {
                "type": "origins:execute_command",
                "permission_level": 4,
                "command": "scoreboard objectives add timeshftpos2.1.2 dummy"
            },
            {
                "type": "origins:execute_command",
                "permission_level": 4,
                "command": "scoreboard objectives add timeshftpos0.1.3 dummy"
            },
            {
                "type": "origins:execute_command",
                "permission_level": 4,
                "command": "scoreboard objectives add timeshftpos1.1.3 dummy"
            },
            {
                "type": "origins:execute_command",
                "permission_level": 4,
                "command": "scoreboard objectives add timeshftpos2.1.3 dummy"
            },
            {
                "type": "origins:execute_command",
                "permission_level": 4,
                "command": "scoreboard objectives add timeshftpos0.1.4 dummy"
            },
            {
                "type": "origins:execute_command",
                "permission_level": 4,
                "command": "scoreboard objectives add timeshftpos1.1.4 dummy"
            },
            {
                "type": "origins:execute_command",
                "permission_level": 4,
                "command": "scoreboard objectives add timeshftpos2.1.4 dummy"
            },
            {
                "type": "origins:execute_command",
                "permission_level": 4,
                "command": "scoreboard objectives add timeshftpos0.1.5 dummy"
            },
            {
                "type": "origins:execute_command",
                "permission_level": 4,
                "command": "scoreboard objectives add timeshftpos1.1.5 dummy"
            },
            {
                "type": "origins:execute_command",
                "permission_level": 4,
                "command": "scoreboard objectives add timeshftpos2.1.5 dummy"
            },
            {
                "type": "origins:execute_command",
                "permission_level": 4,
                "command": "scoreboard objectives add timeshftpos1.2 dummy"
            },
            {
                "type": "origins:execute_command",
                "permission_level": 4,
                "command": "scoreboard objectives add timeshftpos0.2 dummy"
            },
            {
                "type": "origins:execute_command",
                "permission_level": 4,
                "command": "scoreboard objectives add timeshftpos2.2 dummy"
            },
            {
                "type": "origins:execute_command",
                "permission_level": 4,
                "command": "execute store result score @s timeshftpos0.2 run data get entity @s Pos[0] 100"
            },
            {
                "type": "origins:execute_command",
                "permission_level": 4,
                "command": "execute store result score @s timeshftpos1.2 run data get entity @s Pos[1] 100"
            },
            {
                "type": "origins:execute_command",
                "permission_level": 4,
                "command": "execute store result score @s timeshftpos2.2 run data get entity @s Pos[2] 100"
            },
            {
                "type": "origins:execute_command",
                "permission_level": 4,
                "command": "attribute @s minecraft:generic.max_health base set 16"
            }
        ],
        "type": "origins:and"
    },
    "entity_action_removed": {
        "type": "origins:execute_command",
        "permission_level": 4,
        "command": "attribute @s minecraft:generic.max_health base set 20"
    },
    "entity_action_respawned": {
        "type": "origins:and",
        "actions": [
            {
                "type": "origins:execute_command",
                "permission_level": 4,
                "command": "attribute @s minecraft:generic.max_health base set 16"
            },
            {
                "type": "origins:execute_command",
                "permission_level": 4,
                "command": "execute store result score @s timeshftpos0.1.1 run data get entity @s Pos[0] 100"
            },
            {
                "type": "origins:execute_command",
                "permission_level": 4,
                "command": "execute store result score @s timeshftpos1.1.1 run data get entity @s Pos[1] 100"
            },
            {
                "type": "origins:execute_command",
                "permission_level": 4,
                "command": "execute store result score @s timeshftpos2.1.1 run data get entity @s Pos[2] 100"
            },
            {
                "type": "origins:execute_command",
                "permission_level": 4,
                "command": "execute store result score @s timeshftpos0.1.2 run data get entity @s Pos[0] 100"
            },
            {
                "type": "origins:execute_command",
                "permission_level": 4,
                "command": "execute store result score @s timeshftpos1.1.2 run data get entity @s Pos[1] 100"
            },
            {
                "type": "origins:execute_command",
                "permission_level": 4,
                "command": "execute store result score @s timeshftpos2.1.2 run data get entity @s Pos[2] 100"
            },
            {
                "type": "origins:execute_command",
                "permission_level": 4,
                "command": "execute store result score @s timeshftpos0.1.3 run data get entity @s Pos[0] 100"
            },
            {
                "type": "origins:execute_command",
                "permission_level": 4,
                "command": "execute store result score @s timeshftpos1.1.3 run data get entity @s Pos[1] 100"
            },
            {
                "type": "origins:execute_command",
                "permission_level": 4,
                "command": "execute store result score @s timeshftpos2.1.3 run data get entity @s Pos[2] 100"
            },
            {
                "type": "origins:execute_command",
                "permission_level": 4,
                "command": "execute store result score @s timeshftpos0.1.4 run data get entity @s Pos[0] 100"
            },
            {
                "type": "origins:execute_command",
                "permission_level": 4,
                "command": "execute store result score @s timeshftpos1.1.4 run data get entity @s Pos[1] 100"
            },
            {
                "type": "origins:execute_command",
                "permission_level": 4,
                "command": "execute store result score @s timeshftpos2.1.4 run data get entity @s Pos[2] 100"
            },
            {
                "type": "origins:execute_command",
                "permission_level": 4,
                "command": "execute store result score @s timeshftpos0.1.5 run data get entity @s Pos[0] 100"
            },
            {
                "type": "origins:execute_command",
                "permission_level": 4,
                "command": "execute store result score @s timeshftpos1.1.5 run data get entity @s Pos[1] 100"
            },
            {
                "type": "origins:execute_command",
                "permission_level": 4,
                "command": "execute store result score @s timeshftpos2.1.5 run data get entity @s Pos[2] 100"
            },
            {
                "actions": [
                    {
                        "type": "origins:execute_command",
                        "permission_level": 4,
                        "command": "scoreboard objectives add timeshftpos0.1.1 dummy"
                    },
                    {
                        "type": "origins:execute_command",
                        "permission_level": 4,
                        "command": "scoreboard objectives add timeshftpos1.1.1 dummy"
                    },
                    {
                        "type": "origins:execute_command",
                        "permission_level": 4,
                        "command": "scoreboard objectives add timeshftpos2.1.1 dummy"
                    },
                    {
                        "type": "origins:execute_command",
                        "permission_level": 4,
                        "command": "scoreboard objectives add timeshftpos0.1.2 dummy"
                    },
                    {
                        "type": "origins:execute_command",
                        "permission_level": 4,
                        "command": "scoreboard objectives add timeshftpos1.1.2 dummy"
                    },
                    {
                        "type": "origins:execute_command",
                        "permission_level": 4,
                        "command": "scoreboard objectives add timeshftpos2.1.2 dummy"
                    },
                    {
                        "type": "origins:execute_command",
                        "permission_level": 4,
                        "command": "scoreboard objectives add timeshftpos0.1.3 dummy"
                    },
                    {
                        "type": "origins:execute_command",
                        "permission_level": 4,
                        "command": "scoreboard objectives add timeshftpos1.1.3 dummy"
                    },
                    {
                        "type": "origins:execute_command",
                        "permission_level": 4,
                        "command": "scoreboard objectives add timeshftpos2.1.3 dummy"
                    },
                    {
                        "type": "origins:execute_command",
                        "permission_level": 4,
                        "command": "scoreboard objectives add timeshftpos0.1.4 dummy"
                    },
                    {
                        "type": "origins:execute_command",
                        "permission_level": 4,
                        "command": "scoreboard objectives add timeshftpos1.1.4 dummy"
                    },
                    {
                        "type": "origins:execute_command",
                        "permission_level": 4,
                        "command": "scoreboard objectives add timeshftpos2.1.4 dummy"
                    },
                    {
                        "type": "origins:execute_command",
                        "permission_level": 4,
                        "command": "scoreboard objectives add timeshftpos0.1.5 dummy"
                    },
                    {
                        "type": "origins:execute_command",
                        "permission_level": 4,
                        "command": "scoreboard objectives add timeshftpos1.1.5 dummy"
                    },
                    {
                        "type": "origins:execute_command",
                        "permission_level": 4,
                        "command": "scoreboard objectives add timeshftpos2.1.5 dummy"
                    },
                    {
                        "type": "origins:execute_command",
                        "permission_level": 4,
                        "command": "scoreboard objectives add timeshftpos1.2 dummy"
                    },
                    {
                        "type": "origins:execute_command",
                        "permission_level": 4,
                        "command": "scoreboard objectives add timeshftpos0.2 dummy"
                    },
                    {
                        "type": "origins:execute_command",
                        "permission_level": 4,
                        "command": "scoreboard objectives add timeshftpos2.2 dummy"
                    },
                    {
                        "type": "origins:execute_command",
                        "permission_level": 4,
                        "command": "attribute @s minecraft:generic.max_health base set 16"
                    }
                ],
                "type": "origins:and"
            }
        ]
    }
}