{
    "hidden": true,
    "type": "origins:action_over_time",
    "entity_action": {
        "type": "origins:and",
        "actions": [
            {
                "type": "origins:and",
                "actions": [
                    {
                        "type": "origins:if_else",
                        "condition": {
                            "type": "origins:resource",
                            "inverted": false,
                            "comparison": "==",
                            "compare_to": 1,
                            "resource": "timeorigin:health4res"
                        },
                        "if_action": {
                            "type": "origins:and",
                            "actions": [
                                {
                                    "type": "origins:change_resource",
                                    "resource": "timeorigin:health5res",
                                    "change": -16
                                },
                                {
                                    "type": "origins:change_resource",
                                    "resource": "timeorigin:health5res",
                                    "change": 1
                                }
                            ]
                        }
                    },
                    {
                        "type": "origins:if_else",
                        "condition": {
                            "type": "origins:resource",
                            "inverted": false,
                            "comparison": "==",
                            "compare_to": 2,
                            "resource": "timeorigin:health4res"
                        },
                        "if_action": {
                            "type": "origins:and",
                            "actions": [
                                {
                                    "type": "origins:change_resource",
                                    "resource": "timeorigin:health5res",
                                    "change": -16
                                },
                                {
                                    "type": "origins:change_resource",
                                    "resource": "timeorigin:health5res",
                                    "change": 2
                                }
                            ]
                        }
                    },
                    {
                        "type": "origins:if_else",
                        "condition": {
                            "type": "origins:resource",
                            "inverted": false,
                            "comparison": "==",
                            "compare_to": 3,
                            "resource": "timeorigin:health4res"
                        },
                        "if_action": {
                            "type": "origins:and",
                            "actions": [
                                {
                                    "type": "origins:change_resource",
                                    "resource": "timeorigin:health5res",
                                    "change": -16
                                },
                                {
                                    "type": "origins:change_resource",
                                    "resource": "timeorigin:health5res",
                                    "change": 3
                                }
                            ]
                        }
                    },
                    {
                        "type": "origins:if_else",
                        "condition": {
                            "type": "origins:resource",
                            "inverted": false,
                            "comparison": "==",
                            "compare_to": 4,
                            "resource": "timeorigin:health4res"
                        },
                        "if_action": {
                            "type": "origins:and",
                            "actions": [
                                {
                                    "type": "origins:change_resource",
                                    "resource": "timeorigin:health5res",
                                    "change": -16
                                },
                                {
                                    "type": "origins:change_resource",
                                    "resource": "timeorigin:health5res",
                                    "change": 4
                                }
                            ]
                        }
                    },
                    {
                        "type": "origins:if_else",
                        "condition": {
                            "type": "origins:resource",
                            "inverted": false,
                            "comparison": "==",
                            "compare_to": 5,
                            "resource": "timeorigin:health4res"
                        },
                        "if_action": {
                            "type": "origins:and",
                            "actions": [
                                {
                                    "type": "origins:change_resource",
                                    "resource": "timeorigin:health5res",
                                    "change": -16
                                },
                                {
                                    "type": "origins:change_resource",
                                    "resource": "timeorigin:health5res",
                                    "change": 5
                                }
                            ]
                        }
                    },
                    {
                        "type": "origins:if_else",
                        "condition": {
                            "type": "origins:resource",
                            "inverted": false,
                            "comparison": "==",
                            "compare_to": 6,
                            "resource": "timeorigin:health4res"
                        },
                        "if_action": {
                            "type": "origins:and",
                            "actions": [
                                {
                                    "type": "origins:change_resource",
                                    "resource": "timeorigin:health5res",
                                    "change": -16
                                },
                                {
                                    "type": "origins:change_resource",
                                    "resource": "timeorigin:health5res",
                                    "change": 6
                                }
                            ]
                        }
                    },
                    {
                        "type": "origins:if_else",
                        "condition": {
                            "type": "origins:resource",
                            "inverted": false,
                            "comparison": "==",
                            "compare_to": 7,
                            "resource": "timeorigin:health4res"
                        },
                        "if_action": {
                            "type": "origins:and",
                            "actions": [
                                {
                                    "type": "origins:change_resource",
                                    "resource": "timeorigin:health5res",
                                    "change": -16
                                },
                                {
                                    "type": "origins:change_resource",
                                    "resource": "timeorigin:health5res",
                                    "change": 7
                                }
                            ]
                        }
                    },
                    {
                        "type": "origins:if_else",
                        "condition": {
                            "type": "origins:resource",
                            "inverted": false,
                            "comparison": "==",
                            "compare_to": 8,
                            "resource": "timeorigin:health4res"
                        },
                        "if_action": {
                            "type": "origins:and",
                            "actions": [
                                {
                                    "type": "origins:change_resource",
                                    "resource": "timeorigin:health5res",
                                    "change": -16
                                },
                                {
                                    "type": "origins:change_resource",
                                    "resource": "timeorigin:health5res",
                                    "change": 8
                                }
                            ]
                        }
                    },
                    {
                        "type": "origins:if_else",
                        "condition": {
                            "type": "origins:resource",
                            "inverted": false,
                            "comparison": "==",
                            "compare_to": 9,
                            "resource": "timeorigin:health4res"
                        },
                        "if_action": {
                            "type": "origins:and",
                            "actions": [
                                {
                                    "type": "origins:change_resource",
                                    "resource": "timeorigin:health5res",
                                    "change": -16
                                },
                                {
                                    "type": "origins:change_resource",
                                    "resource": "timeorigin:health5res",
                                    "change": 9
                                }
                            ]
                        }
                    },
                    {
                        "type": "origins:if_else",
                        "condition": {
                            "type": "origins:resource",
                            "inverted": false,
                            "comparison": "==",
                            "compare_to": 10,
                            "resource": "timeorigin:health4res"
                        },
                        "if_action": {
                            "type": "origins:and",
                            "actions": [
                                {
                                    "type": "origins:change_resource",
                                    "resource": "timeorigin:health5res",
                                    "change": -16
                                },
                                {
                                    "type": "origins:change_resource",
                                    "resource": "timeorigin:health5res",
                                    "change": 10
                                }
                            ]
                        }
                    },
                    {
                        "type": "origins:if_else",
                        "condition": {
                            "type": "origins:resource",
                            "inverted": false,
                            "comparison": "==",
                            "compare_to": 11,
                            "resource": "timeorigin:health4res"
                        },
                        "if_action": {
                            "type": "origins:and",
                            "actions": [
                                {
                                    "type": "origins:change_resource",
                                    "resource": "timeorigin:health5res",
                                    "change": -16
                                },
                                {
                                    "type": "origins:change_resource",
                                    "resource": "timeorigin:health5res",
                                    "change": 11
                                }
                            ]
                        }
                    },
                    {
                        "type": "origins:if_else",
                        "condition": {
                            "type": "origins:resource",
                            "inverted": false,
                            "comparison": "==",
                            "compare_to": 12,
                            "resource": "timeorigin:health4res"
                        },
                        "if_action": {
                            "type": "origins:and",
                            "actions": [
                                {
                                    "type": "origins:change_resource",
                                    "resource": "timeorigin:health5res",
                                    "change": -16
                                },
                                {
                                    "type": "origins:change_resource",
                                    "resource": "timeorigin:health5res",
                                    "change": 12
                                }
                            ]
                        }
                    },
                    {
                        "type": "origins:if_else",
                        "condition": {
                            "type": "origins:resource",
                            "inverted": false,
                            "comparison": "==",
                            "compare_to": 13,
                            "resource": "timeorigin:health4res"
                        },
                        "if_action": {
                            "type": "origins:and",
                            "actions": [
                                {
                                    "type": "origins:change_resource",
                                    "resource": "timeorigin:health5res",
                                    "change": -16
                                },
                                {
                                    "type": "origins:change_resource",
                                    "resource": "timeorigin:health5res",
                                    "change": 13
                                }
                            ]
                        }
                    },
                    {
                        "type": "origins:if_else",
                        "condition": {
                            "type": "origins:resource",
                            "inverted": false,
                            "comparison": "==",
                            "compare_to": 14,
                            "resource": "timeorigin:health4res"
                        },
                        "if_action": {
                            "type": "origins:and",
                            "actions": [
                                {
                                    "type": "origins:change_resource",
                                    "resource": "timeorigin:health5res",
                                    "change": -16
                                },
                                {
                                    "type": "origins:change_resource",
                                    "resource": "timeorigin:health5res",
                                    "change": 14
                                }
                            ]
                        }
                    },
                    {
                        "type": "origins:if_else",
                        "condition": {
                            "type": "origins:resource",
                            "inverted": false,
                            "comparison": "==",
                            "compare_to": 15,
                            "resource": "timeorigin:health4res"
                        },
                        "if_action": {
                            "type": "origins:and",
                            "actions": [
                                {
                                    "type": "origins:change_resource",
                                    "resource": "timeorigin:health5res",
                                    "change": -16
                                },
                                {
                                    "type": "origins:change_resource",
                                    "resource": "timeorigin:health5res",
                                    "change": 15
                                }
                            ]
                        }
                    },
                    {
                        "type": "origins:if_else",
                        "condition": {
                            "type": "origins:resource",
                            "inverted": false,
                            "comparison": "==",
                            "compare_to": 16,
                            "resource": "timeorigin:health4res"
                        },
                        "if_action": {
                            "type": "origins:and",
                            "actions": [
                                {
                                    "type": "origins:change_resource",
                                    "resource": "timeorigin:health5res",
                                    "change": -16
                                },
                                {
                                    "type": "origins:change_resource",
                                    "resource": "timeorigin:health5res",
                                    "change": 16
                                }
                            ]
                        }
                    }
                ]
            },
            {
                "type": "origins:and",
                "actions": [
                    {
                        "type": "origins:if_else",
                        "condition": {
                            "type": "origins:resource",
                            "inverted": false,
                            "comparison": "==",
                            "compare_to": 1,
                            "resource": "timeorigin:health3res"
                        },
                        "if_action": {
                            "type": "origins:and",
                            "actions": [
                                {
                                    "type": "origins:change_resource",
                                    "resource": "timeorigin:health4res",
                                    "change": -16
                                },
                                {
                                    "type": "origins:change_resource",
                                    "resource": "timeorigin:health4res",
                                    "change": 1
                                }
                            ]
                        }
                    },
                    {
                        "type": "origins:if_else",
                        "condition": {
                            "type": "origins:resource",
                            "inverted": false,
                            "comparison": "==",
                            "compare_to": 2,
                            "resource": "timeorigin:health3res"
                        },
                        "if_action": {
                            "type": "origins:and",
                            "actions": [
                                {
                                    "type": "origins:change_resource",
                                    "resource": "timeorigin:health4res",
                                    "change": -16
                                },
                                {
                                    "type": "origins:change_resource",
                                    "resource": "timeorigin:health4res",
                                    "change": 2
                                }
                            ]
                        }
                    },
                    {
                        "type": "origins:if_else",
                        "condition": {
                            "type": "origins:resource",
                            "inverted": false,
                            "comparison": "==",
                            "compare_to": 3,
                            "resource": "timeorigin:health3res"
                        },
                        "if_action": {
                            "type": "origins:and",
                            "actions": [
                                {
                                    "type": "origins:change_resource",
                                    "resource": "timeorigin:health4res",
                                    "change": -16
                                },
                                {
                                    "type": "origins:change_resource",
                                    "resource": "timeorigin:health4res",
                                    "change": 3
                                }
                            ]
                        }
                    },
                    {
                        "type": "origins:if_else",
                        "condition": {
                            "type": "origins:resource",
                            "inverted": false,
                            "comparison": "==",
                            "compare_to": 4,
                            "resource": "timeorigin:health3res"
                        },
                        "if_action": {
                            "type": "origins:and",
                            "actions": [
                                {
                                    "type": "origins:change_resource",
                                    "resource": "timeorigin:health4res",
                                    "change": -16
                                },
                                {
                                    "type": "origins:change_resource",
                                    "resource": "timeorigin:health4res",
                                    "change": 4
                                }
                            ]
                        }
                    },
                    {
                        "type": "origins:if_else",
                        "condition": {
                            "type": "origins:resource",
                            "inverted": false,
                            "comparison": "==",
                            "compare_to": 5,
                            "resource": "timeorigin:health3res"
                        },
                        "if_action": {
                            "type": "origins:and",
                            "actions": [
                                {
                                    "type": "origins:change_resource",
                                    "resource": "timeorigin:health4res",
                                    "change": -16
                                },
                                {
                                    "type": "origins:change_resource",
                                    "resource": "timeorigin:health4res",
                                    "change": 5
                                }
                            ]
                        }
                    },
                    {
                        "type": "origins:if_else",
                        "condition": {
                            "type": "origins:resource",
                            "inverted": false,
                            "comparison": "==",
                            "compare_to": 6,
                            "resource": "timeorigin:health3res"
                        },
                        "if_action": {
                            "type": "origins:and",
                            "actions": [
                                {
                                    "type": "origins:change_resource",
                                    "resource": "timeorigin:health4res",
                                    "change": -16
                                },
                                {
                                    "type": "origins:change_resource",
                                    "resource": "timeorigin:health4res",
                                    "change": 6
                                }
                            ]
                        }
                    },
                    {
                        "type": "origins:if_else",
                        "condition": {
                            "type": "origins:resource",
                            "inverted": false,
                            "comparison": "==",
                            "compare_to": 7,
                            "resource": "timeorigin:health3res"
                        },
                        "if_action": {
                            "type": "origins:and",
                            "actions": [
                                {
                                    "type": "origins:change_resource",
                                    "resource": "timeorigin:health4res",
                                    "change": -16
                                },
                                {
                                    "type": "origins:change_resource",
                                    "resource": "timeorigin:health4res",
                                    "change": 7
                                }
                            ]
                        }
                    },
                    {
                        "type": "origins:if_else",
                        "condition": {
                            "type": "origins:resource",
                            "inverted": false,
                            "comparison": "==",
                            "compare_to": 8,
                            "resource": "timeorigin:health3res"
                        },
                        "if_action": {
                            "type": "origins:and",
                            "actions": [
                                {
                                    "type": "origins:change_resource",
                                    "resource": "timeorigin:health4res",
                                    "change": -16
                                },
                                {
                                    "type": "origins:change_resource",
                                    "resource": "timeorigin:health4res",
                                    "change": 8
                                }
                            ]
                        }
                    },
                    {
                        "type": "origins:if_else",
                        "condition": {
                            "type": "origins:resource",
                            "inverted": false,
                            "comparison": "==",
                            "compare_to": 9,
                            "resource": "timeorigin:health3res"
                        },
                        "if_action": {
                            "type": "origins:and",
                            "actions": [
                                {
                                    "type": "origins:change_resource",
                                    "resource": "timeorigin:health4res",
                                    "change": -16
                                },
                                {
                                    "type": "origins:change_resource",
                                    "resource": "timeorigin:health4res",
                                    "change": 9
                                }
                            ]
                        }
                    },
                    {
                        "type": "origins:if_else",
                        "condition": {
                            "type": "origins:resource",
                            "inverted": false,
                            "comparison": "==",
                            "compare_to": 10,
                            "resource": "timeorigin:health3res"
                        },
                        "if_action": {
                            "type": "origins:and",
                            "actions": [
                                {
                                    "type": "origins:change_resource",
                                    "resource": "timeorigin:health4res",
                                    "change": -16
                                },
                                {
                                    "type": "origins:change_resource",
                                    "resource": "timeorigin:health4res",
                                    "change": 10
                                }
                            ]
                        }
                    },
                    {
                        "type": "origins:if_else",
                        "condition": {
                            "type": "origins:resource",
                            "inverted": false,
                            "comparison": "==",
                            "compare_to": 11,
                            "resource": "timeorigin:health3res"
                        },
                        "if_action": {
                            "type": "origins:and",
                            "actions": [
                                {
                                    "type": "origins:change_resource",
                                    "resource": "timeorigin:health4res",
                                    "change": -16
                                },
                                {
                                    "type": "origins:change_resource",
                                    "resource": "timeorigin:health4res",
                                    "change": 11
                                }
                            ]
                        }
                    },
                    {
                        "type": "origins:if_else",
                        "condition": {
                            "type": "origins:resource",
                            "inverted": false,
                            "comparison": "==",
                            "compare_to": 12,
                            "resource": "timeorigin:health3res"
                        },
                        "if_action": {
                            "type": "origins:and",
                            "actions": [
                                {
                                    "type": "origins:change_resource",
                                    "resource": "timeorigin:health4res",
                                    "change": -16
                                },
                                {
                                    "type": "origins:change_resource",
                                    "resource": "timeorigin:health4res",
                                    "change": 12
                                }
                            ]
                        }
                    },
                    {
                        "type": "origins:if_else",
                        "condition": {
                            "type": "origins:resource",
                            "inverted": false,
                            "comparison": "==",
                            "compare_to": 13,
                            "resource": "timeorigin:health3res"
                        },
                        "if_action": {
                            "type": "origins:and",
                            "actions": [
                                {
                                    "type": "origins:change_resource",
                                    "resource": "timeorigin:health4res",
                                    "change": -16
                                },
                                {
                                    "type": "origins:change_resource",
                                    "resource": "timeorigin:health4res",
                                    "change": 13
                                }
                            ]
                        }
                    },
                    {
                        "type": "origins:if_else",
                        "condition": {
                            "type": "origins:resource",
                            "inverted": false,
                            "comparison": "==",
                            "compare_to": 14,
                            "resource": "timeorigin:health3res"
                        },
                        "if_action": {
                            "type": "origins:and",
                            "actions": [
                                {
                                    "type": "origins:change_resource",
                                    "resource": "timeorigin:health4res",
                                    "change": -16
                                },
                                {
                                    "type": "origins:change_resource",
                                    "resource": "timeorigin:health4res",
                                    "change": 14
                                }
                            ]
                        }
                    },
                    {
                        "type": "origins:if_else",
                        "condition": {
                            "type": "origins:resource",
                            "inverted": false,
                            "comparison": "==",
                            "compare_to": 15,
                            "resource": "timeorigin:health3res"
                        },
                        "if_action": {
                            "type": "origins:and",
                            "actions": [
                                {
                                    "type": "origins:change_resource",
                                    "resource": "timeorigin:health4res",
                                    "change": -16
                                },
                                {
                                    "type": "origins:change_resource",
                                    "resource": "timeorigin:health4res",
                                    "change": 15
                                }
                            ]
                        }
                    },
                    {
                        "type": "origins:if_else",
                        "condition": {
                            "type": "origins:resource",
                            "inverted": false,
                            "comparison": "==",
                            "compare_to": 16,
                            "resource": "timeorigin:health3res"
                        },
                        "if_action": {
                            "type": "origins:and",
                            "actions": [
                                {
                                    "type": "origins:change_resource",
                                    "resource": "timeorigin:health4res",
                                    "change": -16
                                },
                                {
                                    "type": "origins:change_resource",
                                    "resource": "timeorigin:health4res",
                                    "change": 16
                                }
                            ]
                        }
                    }
                ]
            },
            {
                "type": "origins:and",
                "actions": [
                    {
                        "type": "origins:if_else",
                        "condition": {
                            "type": "origins:resource",
                            "inverted": false,
                            "comparison": "==",
                            "compare_to": 1,
                            "resource": "timeorigin:health2res"
                        },
                        "if_action": {
                            "type": "origins:and",
                            "actions": [
                                {
                                    "type": "origins:change_resource",
                                    "resource": "timeorigin:health3res",
                                    "change": -16
                                },
                                {
                                    "type": "origins:change_resource",
                                    "resource": "timeorigin:health3res",
                                    "change": 1
                                }
                            ]
                        }
                    },
                    {
                        "type": "origins:if_else",
                        "condition": {
                            "type": "origins:resource",
                            "inverted": false,
                            "comparison": "==",
                            "compare_to": 2,
                            "resource": "timeorigin:health2res"
                        },
                        "if_action": {
                            "type": "origins:and",
                            "actions": [
                                {
                                    "type": "origins:change_resource",
                                    "resource": "timeorigin:health3res",
                                    "change": -16
                                },
                                {
                                    "type": "origins:change_resource",
                                    "resource": "timeorigin:health3res",
                                    "change": 2
                                }
                            ]
                        }
                    },
                    {
                        "type": "origins:if_else",
                        "condition": {
                            "type": "origins:resource",
                            "inverted": false,
                            "comparison": "==",
                            "compare_to": 3,
                            "resource": "timeorigin:health2res"
                        },
                        "if_action": {
                            "type": "origins:and",
                            "actions": [
                                {
                                    "type": "origins:change_resource",
                                    "resource": "timeorigin:health3res",
                                    "change": -16
                                },
                                {
                                    "type": "origins:change_resource",
                                    "resource": "timeorigin:health3res",
                                    "change": 3
                                }
                            ]
                        }
                    },
                    {
                        "type": "origins:if_else",
                        "condition": {
                            "type": "origins:resource",
                            "inverted": false,
                            "comparison": "==",
                            "compare_to": 4,
                            "resource": "timeorigin:health2res"
                        },
                        "if_action": {
                            "type": "origins:and",
                            "actions": [
                                {
                                    "type": "origins:change_resource",
                                    "resource": "timeorigin:health3res",
                                    "change": -16
                                },
                                {
                                    "type": "origins:change_resource",
                                    "resource": "timeorigin:health3res",
                                    "change": 4
                                }
                            ]
                        }
                    },
                    {
                        "type": "origins:if_else",
                        "condition": {
                            "type": "origins:resource",
                            "inverted": false,
                            "comparison": "==",
                            "compare_to": 5,
                            "resource": "timeorigin:health2res"
                        },
                        "if_action": {
                            "type": "origins:and",
                            "actions": [
                                {
                                    "type": "origins:change_resource",
                                    "resource": "timeorigin:health3res",
                                    "change": -16
                                },
                                {
                                    "type": "origins:change_resource",
                                    "resource": "timeorigin:health3res",
                                    "change": 5
                                }
                            ]
                        }
                    },
                    {
                        "type": "origins:if_else",
                        "condition": {
                            "type": "origins:resource",
                            "inverted": false,
                            "comparison": "==",
                            "compare_to": 6,
                            "resource": "timeorigin:health2res"
                        },
                        "if_action": {
                            "type": "origins:and",
                            "actions": [
                                {
                                    "type": "origins:change_resource",
                                    "resource": "timeorigin:health3res",
                                    "change": -16
                                },
                                {
                                    "type": "origins:change_resource",
                                    "resource": "timeorigin:health3res",
                                    "change": 6
                                }
                            ]
                        }
                    },
                    {
                        "type": "origins:if_else",
                        "condition": {
                            "type": "origins:resource",
                            "inverted": false,
                            "comparison": "==",
                            "compare_to": 7,
                            "resource": "timeorigin:health2res"
                        },
                        "if_action": {
                            "type": "origins:and",
                            "actions": [
                                {
                                    "type": "origins:change_resource",
                                    "resource": "timeorigin:health3res",
                                    "change": -16
                                },
                                {
                                    "type": "origins:change_resource",
                                    "resource": "timeorigin:health3res",
                                    "change": 7
                                }
                            ]
                        }
                    },
                    {
                        "type": "origins:if_else",
                        "condition": {
                            "type": "origins:resource",
                            "inverted": false,
                            "comparison": "==",
                            "compare_to": 8,
                            "resource": "timeorigin:health2res"
                        },
                        "if_action": {
                            "type": "origins:and",
                            "actions": [
                                {
                                    "type": "origins:change_resource",
                                    "resource": "timeorigin:health3res",
                                    "change": -16
                                },
                                {
                                    "type": "origins:change_resource",
                                    "resource": "timeorigin:health3res",
                                    "change": 8
                                }
                            ]
                        }
                    },
                    {
                        "type": "origins:if_else",
                        "condition": {
                            "type": "origins:resource",
                            "inverted": false,
                            "comparison": "==",
                            "compare_to": 9,
                            "resource": "timeorigin:health2res"
                        },
                        "if_action": {
                            "type": "origins:and",
                            "actions": [
                                {
                                    "type": "origins:change_resource",
                                    "resource": "timeorigin:health3res",
                                    "change": -16
                                },
                                {
                                    "type": "origins:change_resource",
                                    "resource": "timeorigin:health3res",
                                    "change": 9
                                }
                            ]
                        }
                    },
                    {
                        "type": "origins:if_else",
                        "condition": {
                            "type": "origins:resource",
                            "inverted": false,
                            "comparison": "==",
                            "compare_to": 10,
                            "resource": "timeorigin:health2res"
                        },
                        "if_action": {
                            "type": "origins:and",
                            "actions": [
                                {
                                    "type": "origins:change_resource",
                                    "resource": "timeorigin:health3res",
                                    "change": -16
                                },
                                {
                                    "type": "origins:change_resource",
                                    "resource": "timeorigin:health3res",
                                    "change": 10
                                }
                            ]
                        }
                    },
                    {
                        "type": "origins:if_else",
                        "condition": {
                            "type": "origins:resource",
                            "inverted": false,
                            "comparison": "==",
                            "compare_to": 11,
                            "resource": "timeorigin:health2res"
                        },
                        "if_action": {
                            "type": "origins:and",
                            "actions": [
                                {
                                    "type": "origins:change_resource",
                                    "resource": "timeorigin:health3res",
                                    "change": -16
                                },
                                {
                                    "type": "origins:change_resource",
                                    "resource": "timeorigin:health3res",
                                    "change": 11
                                }
                            ]
                        }
                    },
                    {
                        "type": "origins:if_else",
                        "condition": {
                            "type": "origins:resource",
                            "inverted": false,
                            "comparison": "==",
                            "compare_to": 12,
                            "resource": "timeorigin:health2res"
                        },
                        "if_action": {
                            "type": "origins:and",
                            "actions": [
                                {
                                    "type": "origins:change_resource",
                                    "resource": "timeorigin:health3res",
                                    "change": -16
                                },
                                {
                                    "type": "origins:change_resource",
                                    "resource": "timeorigin:health3res",
                                    "change": 12
                                }
                            ]
                        }
                    },
                    {
                        "type": "origins:if_else",
                        "condition": {
                            "type": "origins:resource",
                            "inverted": false,
                            "comparison": "==",
                            "compare_to": 13,
                            "resource": "timeorigin:health2res"
                        },
                        "if_action": {
                            "type": "origins:and",
                            "actions": [
                                {
                                    "type": "origins:change_resource",
                                    "resource": "timeorigin:health3res",
                                    "change": -16
                                },
                                {
                                    "type": "origins:change_resource",
                                    "resource": "timeorigin:health3res",
                                    "change": 13
                                }
                            ]
                        }
                    },
                    {
                        "type": "origins:if_else",
                        "condition": {
                            "type": "origins:resource",
                            "inverted": false,
                            "comparison": "==",
                            "compare_to": 14,
                            "resource": "timeorigin:health2res"
                        },
                        "if_action": {
                            "type": "origins:and",
                            "actions": [
                                {
                                    "type": "origins:change_resource",
                                    "resource": "timeorigin:health3res",
                                    "change": -16
                                },
                                {
                                    "type": "origins:change_resource",
                                    "resource": "timeorigin:health3res",
                                    "change": 14
                                }
                            ]
                        }
                    },
                    {
                        "type": "origins:if_else",
                        "condition": {
                            "type": "origins:resource",
                            "inverted": false,
                            "comparison": "==",
                            "compare_to": 15,
                            "resource": "timeorigin:health2res"
                        },
                        "if_action": {
                            "type": "origins:and",
                            "actions": [
                                {
                                    "type": "origins:change_resource",
                                    "resource": "timeorigin:health3res",
                                    "change": -16
                                },
                                {
                                    "type": "origins:change_resource",
                                    "resource": "timeorigin:health3res",
                                    "change": 15
                                }
                            ]
                        }
                    },
                    {
                        "type": "origins:if_else",
                        "condition": {
                            "type": "origins:resource",
                            "inverted": false,
                            "comparison": "==",
                            "compare_to": 16,
                            "resource": "timeorigin:health2res"
                        },
                        "if_action": {
                            "type": "origins:and",
                            "actions": [
                                {
                                    "type": "origins:change_resource",
                                    "resource": "timeorigin:health3res",
                                    "change": -16
                                },
                                {
                                    "type": "origins:change_resource",
                                    "resource": "timeorigin:health3res",
                                    "change": 16
                                }
                            ]
                        }
                    }
                ]
            },
            {
                "type": "origins:and",
                "actions": [
                    {
                        "type": "origins:if_else",
                        "condition": {
                            "type": "origins:resource",
                            "inverted": false,
                            "comparison": "==",
                            "compare_to": 1,
                            "resource": "timeorigin:health1res"
                        },
                        "if_action": {
                            "type": "origins:and",
                            "actions": [
                                {
                                    "type": "origins:change_resource",
                                    "resource": "timeorigin:health2res",
                                    "change": -16
                                },
                                {
                                    "type": "origins:change_resource",
                                    "resource": "timeorigin:health2res",
                                    "change": 1
                                }
                            ]
                        }
                    },
                    {
                        "type": "origins:if_else",
                        "condition": {
                            "type": "origins:resource",
                            "inverted": false,
                            "comparison": "==",
                            "compare_to": 2,
                            "resource": "timeorigin:health1res"
                        },
                        "if_action": {
                            "type": "origins:and",
                            "actions": [
                                {
                                    "type": "origins:change_resource",
                                    "resource": "timeorigin:health2res",
                                    "change": -16
                                },
                                {
                                    "type": "origins:change_resource",
                                    "resource": "timeorigin:health2res",
                                    "change": 2
                                }
                            ]
                        }
                    },
                    {
                        "type": "origins:if_else",
                        "condition": {
                            "type": "origins:resource",
                            "inverted": false,
                            "comparison": "==",
                            "compare_to": 3,
                            "resource": "timeorigin:health1res"
                        },
                        "if_action": {
                            "type": "origins:and",
                            "actions": [
                                {
                                    "type": "origins:change_resource",
                                    "resource": "timeorigin:health2res",
                                    "change": -16
                                },
                                {
                                    "type": "origins:change_resource",
                                    "resource": "timeorigin:health2res",
                                    "change": 3
                                }
                            ]
                        }
                    },
                    {
                        "type": "origins:if_else",
                        "condition": {
                            "type": "origins:resource",
                            "inverted": false,
                            "comparison": "==",
                            "compare_to": 4,
                            "resource": "timeorigin:health1res"
                        },
                        "if_action": {
                            "type": "origins:and",
                            "actions": [
                                {
                                    "type": "origins:change_resource",
                                    "resource": "timeorigin:health2res",
                                    "change": -16
                                },
                                {
                                    "type": "origins:change_resource",
                                    "resource": "timeorigin:health2res",
                                    "change": 4
                                }
                            ]
                        }
                    },
                    {
                        "type": "origins:if_else",
                        "condition": {
                            "type": "origins:resource",
                            "inverted": false,
                            "comparison": "==",
                            "compare_to": 5,
                            "resource": "timeorigin:health1res"
                        },
                        "if_action": {
                            "type": "origins:and",
                            "actions": [
                                {
                                    "type": "origins:change_resource",
                                    "resource": "timeorigin:health2res",
                                    "change": -16
                                },
                                {
                                    "type": "origins:change_resource",
                                    "resource": "timeorigin:health2res",
                                    "change": 5
                                }
                            ]
                        }
                    },
                    {
                        "type": "origins:if_else",
                        "condition": {
                            "type": "origins:resource",
                            "inverted": false,
                            "comparison": "==",
                            "compare_to": 6,
                            "resource": "timeorigin:health1res"
                        },
                        "if_action": {
                            "type": "origins:and",
                            "actions": [
                                {
                                    "type": "origins:change_resource",
                                    "resource": "timeorigin:health2res",
                                    "change": -16
                                },
                                {
                                    "type": "origins:change_resource",
                                    "resource": "timeorigin:health2res",
                                    "change": 6
                                }
                            ]
                        }
                    },
                    {
                        "type": "origins:if_else",
                        "condition": {
                            "type": "origins:resource",
                            "inverted": false,
                            "comparison": "==",
                            "compare_to": 7,
                            "resource": "timeorigin:health1res"
                        },
                        "if_action": {
                            "type": "origins:and",
                            "actions": [
                                {
                                    "type": "origins:change_resource",
                                    "resource": "timeorigin:health2res",
                                    "change": -16
                                },
                                {
                                    "type": "origins:change_resource",
                                    "resource": "timeorigin:health2res",
                                    "change": 7
                                }
                            ]
                        }
                    },
                    {
                        "type": "origins:if_else",
                        "condition": {
                            "type": "origins:resource",
                            "inverted": false,
                            "comparison": "==",
                            "compare_to": 8,
                            "resource": "timeorigin:health1res"
                        },
                        "if_action": {
                            "type": "origins:and",
                            "actions": [
                                {
                                    "type": "origins:change_resource",
                                    "resource": "timeorigin:health2res",
                                    "change": -16
                                },
                                {
                                    "type": "origins:change_resource",
                                    "resource": "timeorigin:health2res",
                                    "change": 8
                                }
                            ]
                        }
                    },
                    {
                        "type": "origins:if_else",
                        "condition": {
                            "type": "origins:resource",
                            "inverted": false,
                            "comparison": "==",
                            "compare_to": 9,
                            "resource": "timeorigin:health1res"
                        },
                        "if_action": {
                            "type": "origins:and",
                            "actions": [
                                {
                                    "type": "origins:change_resource",
                                    "resource": "timeorigin:health2res",
                                    "change": -16
                                },
                                {
                                    "type": "origins:change_resource",
                                    "resource": "timeorigin:health2res",
                                    "change": 9
                                }
                            ]
                        }
                    },
                    {
                        "type": "origins:if_else",
                        "condition": {
                            "type": "origins:resource",
                            "inverted": false,
                            "comparison": "==",
                            "compare_to": 10,
                            "resource": "timeorigin:health1res"
                        },
                        "if_action": {
                            "type": "origins:and",
                            "actions": [
                                {
                                    "type": "origins:change_resource",
                                    "resource": "timeorigin:health2res",
                                    "change": -16
                                },
                                {
                                    "type": "origins:change_resource",
                                    "resource": "timeorigin:health2res",
                                    "change": 10
                                }
                            ]
                        }
                    },
                    {
                        "type": "origins:if_else",
                        "condition": {
                            "type": "origins:resource",
                            "inverted": false,
                            "comparison": "==",
                            "compare_to": 11,
                            "resource": "timeorigin:health1res"
                        },
                        "if_action": {
                            "type": "origins:and",
                            "actions": [
                                {
                                    "type": "origins:change_resource",
                                    "resource": "timeorigin:health2res",
                                    "change": -16
                                },
                                {
                                    "type": "origins:change_resource",
                                    "resource": "timeorigin:health2res",
                                    "change": 11
                                }
                            ]
                        }
                    },
                    {
                        "type": "origins:if_else",
                        "condition": {
                            "type": "origins:resource",
                            "inverted": false,
                            "comparison": "==",
                            "compare_to": 12,
                            "resource": "timeorigin:health1res"
                        },
                        "if_action": {
                            "type": "origins:and",
                            "actions": [
                                {
                                    "type": "origins:change_resource",
                                    "resource": "timeorigin:health2res",
                                    "change": -16
                                },
                                {
                                    "type": "origins:change_resource",
                                    "resource": "timeorigin:health2res",
                                    "change": 12
                                }
                            ]
                        }
                    },
                    {
                        "type": "origins:if_else",
                        "condition": {
                            "type": "origins:resource",
                            "inverted": false,
                            "comparison": "==",
                            "compare_to": 13,
                            "resource": "timeorigin:health1res"
                        },
                        "if_action": {
                            "type": "origins:and",
                            "actions": [
                                {
                                    "type": "origins:change_resource",
                                    "resource": "timeorigin:health2res",
                                    "change": -16
                                },
                                {
                                    "type": "origins:change_resource",
                                    "resource": "timeorigin:health2res",
                                    "change": 13
                                }
                            ]
                        }
                    },
                    {
                        "type": "origins:if_else",
                        "condition": {
                            "type": "origins:resource",
                            "inverted": false,
                            "comparison": "==",
                            "compare_to": 14,
                            "resource": "timeorigin:health1res"
                        },
                        "if_action": {
                            "type": "origins:and",
                            "actions": [
                                {
                                    "type": "origins:change_resource",
                                    "resource": "timeorigin:health2res",
                                    "change": -16
                                },
                                {
                                    "type": "origins:change_resource",
                                    "resource": "timeorigin:health2res",
                                    "change": 14
                                }
                            ]
                        }
                    },
                    {
                        "type": "origins:if_else",
                        "condition": {
                            "type": "origins:resource",
                            "inverted": false,
                            "comparison": "==",
                            "compare_to": 15,
                            "resource": "timeorigin:health1res"
                        },
                        "if_action": {
                            "type": "origins:and",
                            "actions": [
                                {
                                    "type": "origins:change_resource",
                                    "resource": "timeorigin:health2res",
                                    "change": -16
                                },
                                {
                                    "type": "origins:change_resource",
                                    "resource": "timeorigin:health2res",
                                    "change": 15
                                }
                            ]
                        }
                    },
                    {
                        "type": "origins:if_else",
                        "condition": {
                            "type": "origins:resource",
                            "inverted": false,
                            "comparison": "==",
                            "compare_to": 16,
                            "resource": "timeorigin:health1res"
                        },
                        "if_action": {
                            "type": "origins:and",
                            "actions": [
                                {
                                    "type": "origins:change_resource",
                                    "resource": "timeorigin:health2res",
                                    "change": -16
                                },
                                {
                                    "type": "origins:change_resource",
                                    "resource": "timeorigin:health2res",
                                    "change": 16
                                }
                            ]
                        }
                    }
                ]
            },
            {
                "type": "origins:and",
                "actions": [
                    {
                        "type": "origins:if_else",
                        "condition": {
                            "type": "origins:health",
                            "inverted": false,
                            "comparison": "==",
                            "compare_to": 1
                        },
                        "if_action": {
                            "type": "origins:and",
                            "actions": [
                                {
                                    "type": "origins:change_resource",
                                    "resource": "timeorigin:health1res",
                                    "change": -16
                                },
                                {
                                    "type": "origins:change_resource",
                                    "resource": "timeorigin:health1res",
                                    "change": 1
                                }
                            ]
                        }
                    },
                    {
                        "type": "origins:if_else",
                        "condition": {
                            "type": "origins:health",
                            "inverted": false,
                            "comparison": "==",
                            "compare_to": 2
                        },
                        "if_action": {
                            "type": "origins:and",
                            "actions": [
                                {
                                    "type": "origins:change_resource",
                                    "resource": "timeorigin:health1res",
                                    "change": -16
                                },
                                {
                                    "type": "origins:change_resource",
                                    "resource": "timeorigin:health1res",
                                    "change": 2
                                }
                            ]
                        }
                    },
                    {
                        "type": "origins:if_else",
                        "condition": {
                            "type": "origins:health",
                            "inverted": false,
                            "comparison": "==",
                            "compare_to": 3
                        },
                        "if_action": {
                            "type": "origins:and",
                            "actions": [
                                {
                                    "type": "origins:change_resource",
                                    "resource": "timeorigin:health1res",
                                    "change": -16
                                },
                                {
                                    "type": "origins:change_resource",
                                    "resource": "timeorigin:health1res",
                                    "change": 3
                                }
                            ]
                        }
                    },
                    {
                        "type": "origins:if_else",
                        "condition": {
                            "type": "origins:health",
                            "inverted": false,
                            "comparison": "==",
                            "compare_to": 4
                        },
                        "if_action": {
                            "type": "origins:and",
                            "actions": [
                                {
                                    "type": "origins:change_resource",
                                    "resource": "timeorigin:health1res",
                                    "change": -16
                                },
                                {
                                    "type": "origins:change_resource",
                                    "resource": "timeorigin:health1res",
                                    "change": 4
                                }
                            ]
                        }
                    },
                    {
                        "type": "origins:if_else",
                        "condition": {
                            "type": "origins:health",
                            "inverted": false,
                            "comparison": "==",
                            "compare_to": 5
                        },
                        "if_action": {
                            "type": "origins:and",
                            "actions": [
                                {
                                    "type": "origins:change_resource",
                                    "resource": "timeorigin:health1res",
                                    "change": -16
                                },
                                {
                                    "type": "origins:change_resource",
                                    "resource": "timeorigin:health1res",
                                    "change": 5
                                }
                            ]
                        }
                    },
                    {
                        "type": "origins:if_else",
                        "condition": {
                            "type": "origins:health",
                            "inverted": false,
                            "comparison": "==",
                            "compare_to": 6
                        },
                        "if_action": {
                            "type": "origins:and",
                            "actions": [
                                {
                                    "type": "origins:change_resource",
                                    "resource": "timeorigin:health1res",
                                    "change": -16
                                },
                                {
                                    "type": "origins:change_resource",
                                    "resource": "timeorigin:health1res",
                                    "change": 6
                                }
                            ]
                        }
                    },
                    {
                        "type": "origins:if_else",
                        "condition": {
                            "type": "origins:health",
                            "inverted": false,
                            "comparison": "==",
                            "compare_to": 7
                        },
                        "if_action": {
                            "type": "origins:and",
                            "actions": [
                                {
                                    "type": "origins:change_resource",
                                    "resource": "timeorigin:health1res",
                                    "change": -16
                                },
                                {
                                    "type": "origins:change_resource",
                                    "resource": "timeorigin:health1res",
                                    "change": 7
                                }
                            ]
                        }
                    },
                    {
                        "type": "origins:if_else",
                        "condition": {
                            "type": "origins:health",
                            "inverted": false,
                            "comparison": "==",
                            "compare_to": 8
                        },
                        "if_action": {
                            "type": "origins:and",
                            "actions": [
                                {
                                    "type": "origins:change_resource",
                                    "resource": "timeorigin:health1res",
                                    "change": -16
                                },
                                {
                                    "type": "origins:change_resource",
                                    "resource": "timeorigin:health1res",
                                    "change": 8
                                }
                            ]
                        }
                    },
                    {
                        "type": "origins:if_else",
                        "condition": {
                            "type": "origins:health",
                            "inverted": false,
                            "comparison": "==",
                            "compare_to": 9
                        },
                        "if_action": {
                            "type": "origins:and",
                            "actions": [
                                {
                                    "type": "origins:change_resource",
                                    "resource": "timeorigin:health1res",
                                    "change": -16
                                },
                                {
                                    "type": "origins:change_resource",
                                    "resource": "timeorigin:health1res",
                                    "change": 9
                                }
                            ]
                        }
                    },
                    {
                        "type": "origins:if_else",
                        "condition": {
                            "type": "origins:health",
                            "inverted": false,
                            "comparison": "==",
                            "compare_to": 10
                        },
                        "if_action": {
                            "type": "origins:and",
                            "actions": [
                                {
                                    "type": "origins:change_resource",
                                    "resource": "timeorigin:health1res",
                                    "change": -16
                                },
                                {
                                    "type": "origins:change_resource",
                                    "resource": "timeorigin:health1res",
                                    "change": 10
                                }
                            ]
                        }
                    },
                    {
                        "type": "origins:if_else",
                        "condition": {
                            "type": "origins:health",
                            "inverted": false,
                            "comparison": "==",
                            "compare_to": 11
                        },
                        "if_action": {
                            "type": "origins:and",
                            "actions": [
                                {
                                    "type": "origins:change_resource",
                                    "resource": "timeorigin:health1res",
                                    "change": -16
                                },
                                {
                                    "type": "origins:change_resource",
                                    "resource": "timeorigin:health1res",
                                    "change": 11
                                }
                            ]
                        }
                    },
                    {
                        "type": "origins:if_else",
                        "condition": {
                            "type": "origins:health",
                            "inverted": false,
                            "comparison": "==",
                            "compare_to": 12
                        },
                        "if_action": {
                            "type": "origins:and",
                            "actions": [
                                {
                                    "type": "origins:change_resource",
                                    "resource": "timeorigin:health1res",
                                    "change": -16
                                },
                                {
                                    "type": "origins:change_resource",
                                    "resource": "timeorigin:health1res",
                                    "change": 12
                                }
                            ]
                        }
                    },
                    {
                        "type": "origins:if_else",
                        "condition": {
                            "type": "origins:health",
                            "inverted": false,
                            "comparison": "==",
                            "compare_to": 13
                        },
                        "if_action": {
                            "type": "origins:and",
                            "actions": [
                                {
                                    "type": "origins:change_resource",
                                    "resource": "timeorigin:health1res",
                                    "change": -16
                                },
                                {
                                    "type": "origins:change_resource",
                                    "resource": "timeorigin:health1res",
                                    "change": 13
                                }
                            ]
                        }
                    },
                    {
                        "type": "origins:if_else",
                        "condition": {
                            "type": "origins:health",
                            "inverted": false,
                            "comparison": "==",
                            "compare_to": 14
                        },
                        "if_action": {
                            "type": "origins:and",
                            "actions": [
                                {
                                    "type": "origins:change_resource",
                                    "resource": "timeorigin:health1res",
                                    "change": -16
                                },
                                {
                                    "type": "origins:change_resource",
                                    "resource": "timeorigin:health1res",
                                    "change": 14
                                }
                            ]
                        }
                    },
                    {
                        "type": "origins:if_else",
                        "condition": {
                            "type": "origins:health",
                            "inverted": false,
                            "comparison": "==",
                            "compare_to": 15
                        },
                        "if_action": {
                            "type": "origins:and",
                            "actions": [
                                {
                                    "type": "origins:change_resource",
                                    "resource": "timeorigin:health1res",
                                    "change": -16
                                },
                                {
                                    "type": "origins:change_resource",
                                    "resource": "timeorigin:health1res",
                                    "change": 15
                                }
                            ]
                        }
                    },
                    {
                        "type": "origins:if_else",
                        "condition": {
                            "type": "origins:health",
                            "inverted": false,
                            "comparison": "==",
                            "compare_to": 16
                        },
                        "if_action": {
                            "type": "origins:and",
                            "actions": [
                                {
                                    "type": "origins:change_resource",
                                    "resource": "timeorigin:health1res",
                                    "change": -16
                                },
                                {
                                    "type": "origins:change_resource",
                                    "resource": "timeorigin:health1res",
                                    "change": 16
                                }
                            ]
                        }
                    }
                ]
            }
        ]
    },
    "interval": 40
}