{
    "hidden": true,
    "type": "origins:active_self",
    "name": "Time Fatigue Clear",
    "description": "Press G while holding a nether star to clear your Time Fatigue.",
    "cooldown": 600,
    "key": {
        "key": "primary",
        "continuous": true
    },
    "hud_render": {
        "should_render": false,
        "sprite_location": "origins:textures/gui/resource_bar.png"
    },
    "condition": {
        "type": "origins:and",
        "inverted": false,
        "conditions": [
            {
                "type": "origins:or",
                "inverted": false,
                "conditions": [
                    {
                        "type": "origins:equipped_item",
                        "equipment_slot": "offhand",
                        "item_condition": {
                            "type": "origins:ingredient",
                            "inverted": false,
                            "ingredient": {
                                "item": "minecraft:nether_star"
                            }
                        },
                        "inverted": false
                    },
                    {
                        "type": "origins:equipped_item",
                        "equipment_slot": "mainhand",
                        "item_condition": {
                            "type": "origins:ingredient",
                            "inverted": false,
                            "ingredient": {
                                "item": "minecraft:nether_star"
                            }
                        },
                        "inverted": false
                    }
                ]
            },
            {
                "type": "origins:resource",
                "inverted": false,
                "comparison": "==",
                "resource": "timeorigin:netherstareatres",
                "compare_to": 13
            },
            {
                "type": "origins:resource",
                "inverted": false,
                "comparison": ">",
                "resource": "timeorigin:timefatigueresource",
                "compare_to": 99
            }
        ]
    },
    "entity_action": {
        "type": "origins:and",
        "actions": [
            {
                "type": "origins:if_else",
                "condition": {
                    "type": "origins:equipped_item",
                    "inverted": false,
                    "equipment_slot": "mainhand",
                    "item_condition": {
                        "type": "origins:ingredient",
                        "inverted": false,
                        "ingredient": {
                            "item": "minecraft:nether_star"
                        }
                    }
                },
                "if_action": {
                    "type": "origins:execute_command",
                    "permission_level": 4,
                    "command": "execute as @s[nbt={SelectedItem:{id:\"minecraft:nether_star\"}}] run clear @s minecraft:nether_star 1"
                },
                "else_action": {
                    "type": "origins:execute_command",
                    "permission_level": 4,
                    "command": "execute as @s[nbt={Inventory:[{Slot:-106b, id: \"minecraft:nether_star\"}]}] run clear @s minecraft:nether_star 1"
                }
            },
            {
                "type": "origins:change_resource",
                "resource": "timeorigin:timefatigueresource",
                "change": -1000
            },
            {
                "type": "origins:execute_command",
                "permission_level": 4,
                "command": "playsound entity.wither.death master @s ~ ~ ~ 2"
            },
            {
                "type": "origins:execute_command",
                "permission_level": 4,
                "command": "/tellraw @s {\"text\":\"You feel a massive weight off your chest. Your condition has been reset.\",\"italic\":true}"
            },
            {
                "type": "origins:execute_command",
                "permission_level": 4,
                "command": "/particle smoke ~ ~ ~ 0 0 0 2 1000 normal"
            },
            {
                "type": "origins:execute_command",
                "permission_level": 4,
                "command": "/effect @s clear"
            }
        ]
    }
}