{
    "hidden": true,
    "type": "origins:active_self",
    "key": {
        "key": "primary",
        "continuous": true
    },
    "cooldown": 5,
    "hud_render": {
        "should_render": false,
        "sprite_location": "origins:textures/gui/resource_bar.png"
    },
    "entity_action": {
        "type": "origins:if_else",
        "if_action": {
            "type": "origins:and",
            "actions": [
                {
                    "type": "origins:change_resource",
                    "resource": "timeorigin:netherstareatres",
                    "change": 2
                },
                {
                    "type": "origins:execute_command",
                    "permission_level": 4,
                    "command": "playsound entity.evoker.cast_spell master @s ~ ~ ~ 2"
                }
            ]
        },
        "condition": {
            "type": "origins:resource",
            "inverted": false,
            "comparison": ">",
            "resource": "timeorigin:timefatigueresource",
            "compare_to": 99
        },
        "else_action": {
            "type": "origins:execute_command",
            "permission_level": 4,
            "command": "/tellraw @s {\"text\":\"Your condition is not severe enough that this would do anything.\",\"italic\":true}"
        }
    },
    "condition": {
        "type": "origins:and",
        "inverted": false,
        "conditions": [
            {
                "type": "origins:resource",
                "inverted": false,
                "comparison": "<",
                "resource": "timeorigin:netherstareatres",
                "compare_to": 12
            },
            {
                "type": "origins:or",
                "inverted": false,
                "conditions": [
                    {
                        "type": "origins:equipped_item",
                        "inverted": false,
                        "equipment_slot": "mainhand",
                        "item_condition": {
                            "type": "origins:ingredient",
                            "inverted": false,
                            "ingredient": {
                                "item": "minecraft:nether_star"
                            }
                        }
                    },
                    {
                        "type": "origins:equipped_item",
                        "inverted": false,
                        "equipment_slot": "offhand",
                        "item_condition": {
                            "type": "origins:ingredient",
                            "inverted": false,
                            "ingredient": {
                                "item": "minecraft:nether_star"
                            }
                        }
                    }
                ]
            }
        ]
    }
}