{
    "hidden": true,
    "type": "origins:action_over_time",
    "name": "Recall Location Saver",
    "description": "Saves the location you are in once per second for use of the Minor Recall ability.",
    "interval": 40,
    "entity_action": {
        "actions": [
            {
                "type": "origins:execute_command",
                "permission_level": 4,
                "command": "execute store result score @s timeshftpos2.1.5 run scoreboard players get @s timeshftpos2.1.4"
            },
            {
                "type": "origins:execute_command",
                "permission_level": 4,
                "command": "execute store result score @s timeshftpos2.1.4 run scoreboard players get @s timeshftpos2.1.3"
            },
            {
                "type": "origins:execute_command",
                "permission_level": 4,
                "command": "execute store result score @s timeshftpos2.1.3 run scoreboard players get @s timeshftpos2.1.2"
            },
            {
                "type": "origins:execute_command",
                "permission_level": 4,
                "command": "execute store result score @s timeshftpos2.1.2 run scoreboard players get @s timeshftpos2.1.1"
            },
            {
                "type": "origins:execute_command",
                "permission_level": 4,
                "command": "execute store result score @s timeshftpos1.1.5 run scoreboard players get @s timeshftpos1.1.4"
            },
            {
                "type": "origins:execute_command",
                "permission_level": 4,
                "command": "execute store result score @s timeshftpos1.1.4 run scoreboard players get @s timeshftpos1.1.3"
            },
            {
                "type": "origins:execute_command",
                "permission_level": 4,
                "command": "execute store result score @s timeshftpos1.1.3 run scoreboard players get @s timeshftpos1.1.2"
            },
            {
                "type": "origins:execute_command",
                "permission_level": 4,
                "command": "execute store result score @s timeshftpos1.1.2 run scoreboard players get @s timeshftpos1.1.1"
            },
            {
                "type": "origins:execute_command",
                "permission_level": 4,
                "command": "execute store result score @s timeshftpos0.1.5 run scoreboard players get @s timeshftpos0.1.4"
            },
            {
                "type": "origins:execute_command",
                "permission_level": 4,
                "command": "execute store result score @s timeshftpos0.1.4 run scoreboard players get @s timeshftpos0.1.3"
            },
            {
                "type": "origins:execute_command",
                "permission_level": 4,
                "command": "execute store result score @s timeshftpos0.1.3 run scoreboard players get @s timeshftpos0.1.2"
            },
            {
                "type": "origins:execute_command",
                "permission_level": 4,
                "command": "execute store result score @s timeshftpos0.1.2 run scoreboard players get @s timeshftpos0.1.1"
            },
            {
                "type": "origins:execute_command",
                "permission_level": 4,
                "command": "execute store result score @s timeshftpos0.1.1 run data get entity @s Pos[0] 100"
            },
            {
                "type": "origins:execute_command",
                "permission_level": 4,
                "command": "execute store result score @s timeshftpos1.1.1 run data get entity @s Pos[1] 100"
            },
            {
                "type": "origins:execute_command",
                "permission_level": 4,
                "command": "execute store result score @s timeshftpos2.1.1 run data get entity @s Pos[2] 100"
            },
            {
                "type": "origins:execute_command",
                "permission_level": 4,
                "command": "execute store result score @s health1 run data get entity @s Health 100"
            },
            {
                "type": "origins:execute_command",
                "permission_level": 4,
                "command": "/scoreboard players operation @s timeshftdimens5 = @s timeshftdimens4"
            },
            {
                "type": "origins:execute_command",
                "permission_level": 4,
                "command": "/scoreboard players operation @s timeshftdimens4 = @s timeshftdimens3"
            },
            {
                "type": "origins:execute_command",
                "permission_level": 4,
                "command": "/scoreboard players operation @s timeshftdimens3 = @s timeshftdimens2"
            },
            {
                "type": "origins:execute_command",
                "permission_level": 4,
                "command": "/scoreboard players operation @s timeshftdimens2 = @s timeshftdimens1"
            },
            {
                "type": "origins:if_else",
                "condition": {
                    "type": "origins:dimension",
                    "inverted": false,
                    "dimension": "minecraft:overworld"
                },
                "if_action": {
                    "type": "origins:execute_command",
                    "permission_level": 4,
                    "command": "/scoreboard players set @s timeshftdimens1 0"
                }
            },
            {
                "type": "origins:if_else",
                "condition": {
                    "type": "origins:dimension",
                    "inverted": false,
                    "dimension": "minecraft:the_nether"
                },
                "if_action": {
                    "type": "origins:execute_command",
                    "permission_level": 4,
                    "command": "/scoreboard players set @s timeshftdimens1 1"
                }
            },
            {
                "type": "origins:if_else",
                "condition": {
                    "type": "origins:dimension",
                    "inverted": false,
                    "dimension": "minecraft:the_end"
                },
                "if_action": {
                    "type": "origins:execute_command",
                    "permission_level": 4,
                    "command": "/scoreboard players set @s timeshftdimens1 2"
                }
            }
        ],
        "type": "origins:and"
    }
}