{
    "hidden": true,
    "type": "origins:resource",
    "name": "Temporal Fatigue Resource",
    "min": 0,
    "max": 1000,
    "start_value": 0,
    "hud_render": {
        "should_render": true,
        "sprite_location": "origins:textures/gui/community/spiderkolo/resource_bar_02.png",
        "bar_index": 17
    },
    "description": "Using your time powers causes you to slowly build up Temporal Fatigue. The higher it is, the more likely you are to randomly suffer negative effects, and the worse those effects will be. Consuming a nether star with your Primary Key will completely cure you of all built-up Temporal Fatigue."
}