{
    "hidden": true,
    "type": "origins:action_on_callback",
    "name": "Time Controller",
    "description": "You start with a Clock, which you can use to control time. Use it wisely, as some of your abilities may destroy it upon activation.",
    "execute_chosen_when_orb": true,
    "entity_action_chosen": {
        "type": "origins:execute_command",
        "permission_level": 4,
        "command": "/give @s clock{display:{Name:'{\"text\":\"Time Controller\"}',Lore:['{\"text\":\"No matter how far\"}','{\"text\":\"you travel, you\"}','{\"text\":\"will never be able\"}','{\"text\":\"to outrun yourself\"}']}} 1"
    },
    "entity_action_respawned": {
        "type": "origins:execute_command",
        "permission_level": 4,
        "command": "/give @s clock{display:{Name:'{\"text\":\"Time Controller\"}',Lore:['{\"text\":\"No matter how far\"}','{\"text\":\"you travel, you\"}','{\"text\":\"will never be able\"}','{\"text\":\"to outrun yourself\"}']}} 1"
    }
}