{
    "hidden": true,
    "type": "origins:active_self",
    "condition": {
        "type": "origins:and",
        "inverted": false,
        "conditions": [
            {
                "type": "origins:or",
                "inverted": false,
                "conditions": [
                    {
                        "type": "origins:equipped_item",
                        "inverted": false,
                        "equipment_slot": "mainhand",
                        "item_condition": {
                            "type": "origins:ingredient",
                            "inverted": false,
                            "ingredient": {
                                "item": "minecraft:totem_of_undying"
                            }
                        }
                    },
                    {
                        "type": "origins:equipped_item",
                        "inverted": false,
                        "equipment_slot": "offhand",
                        "item_condition": {
                            "type": "origins:ingredient",
                            "inverted": false,
                            "ingredient": {
                                "item": "minecraft:totem_of_undying"
                            }
                        }
                    }
                ]
            },
            {
                "type": "origins:and",
                "inverted": false,
                "conditions": [
                    {
                        "type": "origins:equipped_item",
                        "inverted": true,
                        "equipment_slot": "mainhand",
                        "item_condition": {
                            "type": "origins:ingredient",
                            "inverted": false,
                            "ingredient": {
                                "item": "minecraft:clock"
                            }
                        }
                    },
                    {
                        "type": "origins:equipped_item",
                        "inverted": true,
                        "equipment_slot": "offhand",
                        "item_condition": {
                            "type": "origins:ingredient",
                            "inverted": false,
                            "ingredient": {
                                "item": "minecraft:clock"
                            }
                        }
                    }
                ]
            }
        ]
    },
    "cooldown": 20,
    "key": "primary",
    "entity_action": {
        "type": "origins:and",
        "actions": [
            {
                "type": "origins:if_else",
                "condition": {
                    "type": "origins:resource",
                    "inverted": false,
                    "comparison": ">",
                    "resource": "timeorigin:timefatigueresource",
                    "compare_to": 49
                },
                "if_action": {
                    "type": "origins:and",
                    "actions": [
                        {
                            "type": "origins:if_else",
                            "condition": {
                                "type": "origins:equipped_item",
                                "inverted": false,
                                "equipment_slot": "mainhand",
                                "item_condition": {
                                    "type": "origins:ingredient",
                                    "inverted": false,
                                    "ingredient": {
                                        "item": "minecraft:totem_of_undying"
                                    }
                                }
                            },
                            "if_action": {
                                "type": "origins:execute_command",
                                "permission_level": 4,
                                "command": "execute as @s[nbt={SelectedItem:{id:\"minecraft:totem_of_undying\"}}] run clear @s minecraft:totem_of_undying 1"
                            },
                            "else_action": {
                                "type": "origins:execute_command",
                                "permission_level": 4,
                                "command": "execute as @s[nbt={Inventory:[{Slot:-106b, id: \"minecraft:totem_of_undying\"}]}] run clear @s minecraft:totem_of_undying 1"
                            }
                        },
                        {
                            "type": "origins:execute_command",
                            "permission_level": 4,
                            "command": "playsound item.totem.use master @s ~ ~ ~ 1"
                        },
                        {
                            "type": "origins:if_else",
                            "condition": {
                                "type": "origins:or",
                                "inverted": false,
                                "conditions": [
                                    {
                                        "type": "origins:and",
                                        "inverted": false,
                                        "conditions": [
                                            {
                                                "type": "origins:resource",
                                                "inverted": false,
                                                "comparison": ">",
                                                "resource": "timeorigin:timefatigueresource",
                                                "compare_to": 99
                                            },
                                            {
                                                "type": "origins:resource",
                                                "inverted": false,
                                                "comparison": "<",
                                                "resource": "timeorigin:timefatigueresource",
                                                "compare_to": 150
                                            }
                                        ]
                                    },
                                    {
                                        "type": "origins:and",
                                        "inverted": false,
                                        "conditions": [
                                            {
                                                "type": "origins:resource",
                                                "inverted": false,
                                                "comparison": ">",
                                                "resource": "timeorigin:timefatigueresource",
                                                "compare_to": 199
                                            },
                                            {
                                                "type": "origins:resource",
                                                "inverted": false,
                                                "comparison": "<",
                                                "resource": "timeorigin:timefatigueresource",
                                                "compare_to": 250
                                            }
                                        ]
                                    },
                                    {
                                        "type": "origins:and",
                                        "inverted": false,
                                        "conditions": [
                                            {
                                                "type": "origins:resource",
                                                "inverted": false,
                                                "comparison": ">",
                                                "resource": "timeorigin:timefatigueresource",
                                                "compare_to": 299
                                            },
                                            {
                                                "type": "origins:resource",
                                                "inverted": false,
                                                "comparison": "<",
                                                "resource": "timeorigin:timefatigueresource",
                                                "compare_to": 350
                                            }
                                        ]
                                    },
                                    {
                                        "type": "origins:and",
                                        "inverted": false,
                                        "conditions": [
                                            {
                                                "type": "origins:resource",
                                                "inverted": false,
                                                "comparison": ">",
                                                "resource": "timeorigin:timefatigueresource",
                                                "compare_to": 399
                                            },
                                            {
                                                "type": "origins:resource",
                                                "inverted": false,
                                                "comparison": "<",
                                                "resource": "timeorigin:timefatigueresource",
                                                "compare_to": 450
                                            }
                                        ]
                                    },
                                    {
                                        "type": "origins:and",
                                        "inverted": false,
                                        "conditions": [
                                            {
                                                "type": "origins:resource",
                                                "inverted": false,
                                                "comparison": ">",
                                                "resource": "timeorigin:timefatigueresource",
                                                "compare_to": 499
                                            },
                                            {
                                                "type": "origins:resource",
                                                "inverted": false,
                                                "comparison": "<",
                                                "resource": "timeorigin:timefatigueresource",
                                                "compare_to": 550
                                            }
                                        ]
                                    },
                                    {
                                        "type": "origins:and",
                                        "inverted": false,
                                        "conditions": [
                                            {
                                                "type": "origins:resource",
                                                "inverted": false,
                                                "comparison": ">",
                                                "resource": "timeorigin:timefatigueresource",
                                                "compare_to": 599
                                            },
                                            {
                                                "type": "origins:resource",
                                                "inverted": false,
                                                "comparison": "<",
                                                "resource": "timeorigin:timefatigueresource",
                                                "compare_to": 650
                                            }
                                        ]
                                    },
                                    {
                                        "type": "origins:and",
                                        "inverted": false,
                                        "conditions": [
                                            {
                                                "type": "origins:resource",
                                                "inverted": false,
                                                "comparison": ">",
                                                "resource": "timeorigin:timefatigueresource",
                                                "compare_to": 699
                                            },
                                            {
                                                "type": "origins:resource",
                                                "inverted": false,
                                                "comparison": "<",
                                                "resource": "timeorigin:timefatigueresource",
                                                "compare_to": 750
                                            }
                                        ]
                                    },
                                    {
                                        "type": "origins:and",
                                        "inverted": false,
                                        "conditions": [
                                            {
                                                "type": "origins:resource",
                                                "inverted": false,
                                                "comparison": ">",
                                                "resource": "timeorigin:timefatigueresource",
                                                "compare_to": 799
                                            },
                                            {
                                                "type": "origins:resource",
                                                "inverted": false,
                                                "comparison": "<",
                                                "resource": "timeorigin:timefatigueresource",
                                                "compare_to": 850
                                            }
                                        ]
                                    },
                                    {
                                        "type": "origins:and",
                                        "inverted": false,
                                        "conditions": [
                                            {
                                                "type": "origins:resource",
                                                "inverted": false,
                                                "comparison": ">",
                                                "resource": "timeorigin:timefatigueresource",
                                                "compare_to": 899
                                            },
                                            {
                                                "type": "origins:resource",
                                                "inverted": false,
                                                "comparison": "<",
                                                "resource": "timeorigin:timefatigueresource",
                                                "compare_to": 950
                                            }
                                        ]
                                    }
                                ]
                            },
                            "if_action": {
                                "type": "origins:execute_command",
                                "permission_level": 4,
                                "command": "/tellraw @s {\"text\":\"You feel a small bit of weight lifted off your chest. Your condition has improved.\",\"italic\":true}"
                            }
                        },
                        {
                            "type": "origins:change_resource",
                            "resource": "timeorigin:timefatigueresource",
                            "change": -50
                        },
                        {
                            "type": "origins:execute_command",
                            "permission_level": 4,
                            "command": "/particle totem_of_undying ~ ~ ~ 0 0 0 1 1000 force"
                        }
                    ]
                },
                "else_action": {
                    "type": "origins:execute_command",
                    "permission_level": 4,
                    "command": "/tellraw @s {\"text\":\"Your condition is not severe enough that this would do anything.\",\"italic\":true}"
                }
            }
        ]
    },
    "hud_render": {
        "should_render": false,
        "sprite_location": "origins:textures/gui/resource_bar.png"
    }
}