{
    "description": "when you high in the air you are able to cast and grapple until you hit the ground",
    "hidden": true,
    "type": "origins:multiple",
    "touch_ground":{
        "type": "origins:action_over_time",
        "interval": 1,
        "rising_action": {
            "type": "origins:change_resource",
            "operation": "set",
            "resource": "*:grapple/resources_can_cast",
            "change": 0
        },
        "condition":{
            "type": "origins:or",
            "conditions": [
                {
                    "type": "origins:command",
                    "command": "execute if entity @s[nbt={OnGround:1b}]",
                    "comparison": ">=",
                    "compare_to": 1
                }
            ]
        }
    },
    "high_place": {
        "type": "origins:action_over_time",
        "interval": 1,
        "falling_action": {
            "type": "origins:change_resource",
            "operation": "set",
            "resource": "*:grapple/resources_can_cast",
            "change": 1
        },
        "condition":{
            "type": "origins:or",
            "conditions": [
                {
                    "type": "origins:block_collision",
                    "offset_x": 0,
                    "offset_y": -1,
                    "offset_z": 0
                },
                {
                    "type": "origins:block_collision",
                    "offset_x": 0,
                    "offset_y": -2,
                    "offset_z": 0
                }
            ]
        }
    }
}