{
    "type": "origins:action_over_time",
    "interval": 5,
    "entity_action": {
        "type": "origins:execute_command",
        "command": "execute at @e[tag=warperwife] run particle minecraft:dust 0.4 0 1 1 ~ ~0.9 ~ 0.7 0.7 0.7 1.5 3 force"
    },
    "condition":{
        "type": "origins:and",
        "conditions": [
            {
                "type": "origins:sneaking"
            },
            {
                "type": "origins:command",
                "command": "execute if entity @e[tag=warperwife]",
                "comparison": "==",
                "compare_to": 1
            }
        ]
    }
}