{
	"type": "origins:multiple",
	"hidden": true,

	"invis_resource": {
		"type": "origins:resource",
		"min": 0,
		"max": 200,

		"hud_render": {
			"should_render": false
		},

		"max_action": {
			"type": "origins:apply_effect",
			"effect": {
				"effect": "minecraft:invisibility",
				"duration": 200,
				"amplifier": 6,
				"show_icon": false,
				"show_particles": false
			}
		}
	},

	"activate_invis": {
		"type": "origins:active_self",

		"entity_action": {
			"type": "origins:change_resource",
			"resource": "*:*_invis_resource",
			"change": 200,
			"operation": "set"
		},

		"cooldown": 200,

		"hud_render": {
			"should_render": false
		},

		"key": {
			"key": "key.origins.secondary_active",
			"continuous": true
		}
	},

	"invis_resource_countdown": {
		"type": "origins:action_over_time",

		"entity_action": {
			"type": "origins:change_resource",
			"resource": "*:*_invis_resource",
			"change": -1
		},

		"interval": 1,
		"condition": {
			"type": "origins:resource",
			"resource": "*:*_invis_resource",
			"comparison": ">",
			"compare_to": 0
		}
	},

	"invisble_armor": {
		"type": "origins:prevent_feature_render",

		"features": [
			"armor",
			"head",
			"elytra",
			"held_item"
		],

		"condition": {
			"type": "origins:and",
			"conditions": [{
					"type": "origins:resource",
					"resource": "*:*_invis_resource",
					"comparison": ">",
					"compare_to": 0
				},
				{
					"type": "origins:status_effect",
					"effect": "minecraft:invisibility",
					"amplifier": 0
				}
			]
		}
	}
}