{
    "type": "origins:target_action_on_hit",
    "cooldown": 0,
    "entity_action": {
        "type": "origins:and",
        "actions": [
            {
                "type": "origins:execute_command",
                "command": "tag @e remove warperwife"
            },
            {
                "type": "origins:execute_command",
                "command": "tag @s add warperwife"
            }
        ]
    },
    "target_condition": {
        "type": "origins:constant",
        "value": true
    },
    "hud_render": {
	"should_render": true,
	"sprite_location": "origins:textures/gui/resource_bar.png",
	"bar_index": 3
	},
    "condition": {
        "type": "origins:and",
        "conditions": [
            {
                "type": "origins:sneaking"
            },
            {
                "type": "origins:equipped_item",
                "equipment_slot": "mainhand",
                "item_condition": {
                    "type": "origins:empty"
                }
            }
        ]
    },
    "hidden": true
}