{
	"type": "origins:active_self",
	"entity_action": {
		"type": "origins:if_else",
		"condition": {
			"type": "origins:dimension",
			"dimension": "unset:sootdimension"
		},
		"if_action": {
			"type": "origins:execute_command",
			"command": "execute in minecraft:overworld run teleport @s ~ ~ ~",
			"permission_level": 4
		},
		"else_action": {
			"type": "origins:execute_command",
			"command": "execute in unset:sootdimension run teleport @s ~ ~ ~",
			"permission_level": 4
		}
	},
	"cooldown": 1800,
	"hud_render": {
		"should_render": true,
		"sprite_location": "origins:textures/gui/community/huang/resource_bar_02.png",
		"bar_index": 1
	},
	"key": {
		"key": "key.origins.secondary_active"
	},
	"hidden": true
}