{
	"type": "origins:multiple",
	"water_breathing": {
		"type": "origins:action_over_time",
		"interval": 5,
		"entity_action": {
			"type": "origins:gain_air",
			"value": 20
		},
		"condition": {
			"type": "origins:submerged_in",
			"fluid": "minecraft:water"
		}
	},
	"swim_speed": {
		"type": "origins:modify_swim_speed",
		"modifier": {
			"value": 1.1,
			"operation": "multiply_base"
		}
	},
	"name": "Amphibious",
	"description": "You're able to breathe both on the land and in the water, and you can swim a little faster!"
}