{
	"type": "origins:active_self",
	"entity_action": {
		"type": "origins:and",
        "actions": [{
                "type": "origins:execute_command",
				"command": "effect give @s minecraft:strength 30 3",
				"permission_level": 4
            },
            {
                "type": "origins:execute_command",
                "command": "playsound minecraft:entity.piglin.angry voice @s ~ ~ ~ 50 1"
            },
            {
                "type": "origins:execute_command",
                "command": "particle minecraft:flash ~ ~ ~ 0.1 0.5 0.1 0.1 80 force"
            }
        ]
		
	},
	"cooldown": 12000,
	"hud_render": {

		"bar_index": 7,
		"should_render": true
	},
	"key": "primary"
}