{
  "type": "origins:action_over_time",
  "entity_action": {
    "type": "origins:if_else",
    "condition": {
      "type": "origins:and",
      "conditions": [{
          "type": "origins:exposed_to_sun"
        },
        {
          "type": "origins:equipped_item",
          "equipment_slot": "head",
          "item_condition": {
            "type": "origins:ingredient",
            "ingredient": {
              "tag": "fantasyorigins:helmet"
            }
          },
          "inverted": true
        }
      ]
    },
    "if_action": {
      "type": "origins:apply_effect",
      "effect": {
        "effect": "minecraft:blindness",
        "is_ambient": true,
        "show_particles": false,
        "show_icon": false,
        "duration": 250
      }
    },
    "else_action": {
      "type": "origins:clear_effect",
      "effect": "minecraft:blindness"
    }
  },
  "interval": 20
}