{
	"type":"origins:multiple",
    "loose_air":{
        "type": "origins:action_over_time",
        "interval": 1,
        "entity_action": {
            "type": "origins:gain_air",
            "value": -5
        },
        "condition": {
            "type": "origins:and",
            "conditions": [
                {
                    "type": "origins:biome",
                    "condition": {
                        "type": "origins:temperature",
                        "comparison": ">=",
                        "compare_to": 2
                    }
                },
                {
					"type": "origins:command",
					"command": "data get entity @s Air",
					"comparison": ">=",
					"compare_to": -10
				},
                {
                    "type": "origins:fluid_height",
                    "fluid": "minecraft:water",
                    "comparison": "==",
                    "compare_to": 0
                }
            ]
        }
    },
    "damage_suffocation": {
        "type": "origins:damage_over_time",
        "interval": 20,
        "onset_delay": 1,
        "damage": 2,
        "damage_easy": 1,
        "damage_source": {
            "name": "dryout",
            "unblockable": true,
            "bypasses_armor": true
        },
        "condition": {
            "type": "origins:command",
            "command": "data get entity @s[gamemode=!creative,gamemode=!spectator] Air",
            "comparison": "<=",
            "compare_to": -1
        }
    },
    "name":"Delicate",
    "description":"Your lungs get dried out in hot biomes, dip yourself in water to cool off"
}