{
    "type": "origins:stacking_status_effect",
    "min_stacks": -2,
    "max_stacks": 2,
    "duration_per_stack": 20,
    "effect": {
        "effect": "minecraft:speed",
        "amplifier": 0,
        "duration": 80,
        "is_ambient":true,
        "show_particles": false,
        "show_icon": true
    },
    "condition": {
        "type": "origins:or",
        "conditions": [
            {
                "type":"origins:block_in_radius",
                "block_condition":{
                    "type": "origins:in_tag",
                    "tag": "minecraft:leaves"
                },
                "radius":15,
                "comparison": ">=",
                "compare_to": 15
            },
            {
                "type":"origins:block_in_radius",
                "block_condition":{
                    "type": "origins:in_tag",
                    "tag": "minecraft:flowers"
                },
                "radius":5
            }
        ]
    },
    "name":"Plant Energy",
    "description":"You can channel the energy of plants around you, making you stronger when around trees and flowers"
}