{
  "display": {
    "icon": {
      "item": "minecraft:poppy"
    },
    "title": "Forgotten Field",
    "description": "An old field that is filled with serenity and poppies",
    "frame": "goal",
    "show_toast": true,
    "announce_to_chat": true,
    "hidden": false
  },
  "parent": "dnl:story/structures/hunters_grave/gray",
  "criteria": {
    "locate_forgotten_field": {
      "trigger": "minecraft:location",
      "conditions": {
        "location": {
          "feature": "dnl:forgotten_field"
        }
      }
    }
  },
  "requirements": [
    [
      "locate_forgotten_field"
    ]
  ]
}