{
	"type":"origins:multiple",
	"mining":{
		"type":"origins:modify_break_speed",
		"modifier":{
			"operation": "multiply_total",
			"value": -1
		},
		"condition": {
			"type": "origins:equipped_item",
			"equipment_slot": "mainhand",
			"item_condition":{
				"type":"origins:ingredient",
				"ingredient":{
					"tag":"fairy:iron"
				}
			}
		}
	},
	"attacking":{
		"type":"origins:modify_damage_dealt",
		"modifier":{
			"operation": "multiply_total",
			"value": -1
		},
		"condition": {
			"type": "origins:equipped_item",
			"equipment_slot": "mainhand",
			"item_condition":{
				"type":"origins:ingredient",
				"ingredient":{
					"tag":"fairy:iron"
				}
			}
		}
	},
	"armor":{
		"type":"origins:restrict_armor",
		"name":"Iron weakness",
		"description":"Cannnot equip iron armor.",
		"hidden":true,
		"head":{
			"type":"origins:ingredient",
			"ingredient":{
				"item":"minecraft:iron_helmet"
			}
		},
		"chest":{
			"type":"origins:ingredient",
			"ingredient":{
				"item":"minecraft:iron_chestplate"
			}
		},
		"legs":{
			"type":"origins:ingredient",
			"ingredient":{
				"item":"minecraft:iron_leggings"
			}
		},
		"feet":{
			"type":"origins:ingredient",
			"ingredient":{
				"item":"minecraft:iron_boots"
			}
		}
	},
	"more_damage_from":{
		"type":"origins:modify_damage_taken",
		"hidden":true,
		"modifier":{
			"operation":"multiply_total",
			"value": 0.5
		},
		"damage_condition":{
			"type":"origins:attacker",
			"entity_condition":{
				"type":"origins:equipped_item",
				"equipment_slot":"mainhand",
				"item_condition":{
					"type":"origins:ingredient",
					"ingredient":{
						"tag":"fairy:iron"
					}
				}
			}
		}
	},
	"name":"Iron weakness",
	"description":"You cannot use or equip any iron item, due to being weak to it, suffering double damage if attacked by it."
}