{
    "type": "origins:target_action_on_hit",
    "entity_action": {
      "type": "origins:damage",
      "amount": 3,
      "source": {
        "name": "generic"
      }
    },
    "damage_condition": {
      "type": "origins:projectile",
      "projectile": "minecraft:arrow"
    },
    "cooldown": 1,
    "hud_render": {
      "should_render": false
    },
    "name": "Ranged options",
    "description": "Due to your weaker body, you rely on not getting hit, being slightly better shooting, specially with crossbows."
  }