{
	"name": "Mantle",
	"description": "Can only wear Iron Armor.",
	"type": "origins:restrict_armor",
	"head": {
		"type": "origins:ingredient",
		"inverted": true,
		"ingredient": {
			"item": "minecraft:iron_helmet"
		}
	},
	"chest": {
		"type": "origins:ingredient",
		"inverted": true,
		"ingredient": {
			"item": "minecraft:iron_chestplate"
		}
	},
	"legs": {
		"type": "origins:ingredient",
		"inverted": true,
		"ingredient": {
			"item": "minecraft:iron_leggings"
		}
	},
	"feet": {
		"type": "origins:ingredient",
		"inverted": true,
		"ingredient": {
			"item": "minecraft:iron_boots"
		}
	}
}