{
	"name": "No Labor Break",
	"description": "Prevents hoes from being used to break their respective blocks.",
	"hidden": true,
	"type": "origins:modify_break_speed",
	"block_condition": {
		"type": "origins:in_tag",
		"tag": "minecraft:mineable/hoe"
	},
	"modifier": {
        "operation": "multiply_base",
        "value": -10
    },
	"condition": {
		"type": "origins:equipped_item",
		"equipment_slot": "mainhand",
		"item_condition": {
			"type": "origins:ingredient",
			"ingredient": {
				"tag": "templarknight:tool"
			}
		}
	}
}