{
    "type": "origins:action_over_time",
    "interval": 20,
    "entity_action": {
        "type": "origins:apply_effect",
        "effect": {
            "effect": "minecraft:blindness",
            "duration": 800,
            "amplifier": 0
        }
    },
    "falling_action": {
        "type": "origins:clear_effect",
        "effect": "minecraft:blindness"
    },
    "condition": {
        "type": "origins:exposed_to_sun"
    },
    "name":"Blind as a bat",
    "description":"you are blind when you go outside in the daytime"
}