  {
    "type": "origins:prevent_item_use",
    "item_condition": {
      "type": "origins:and",
      "conditions": [
        {
          "type": "origins:or",
          "conditions": [
            {
              "type": "origins:ingredient",
              "ingredient": {
                "tag": "origins:meat"
              }
            },
            {
              "type": "origins:meat"
            }
          ],
          "inverted": true
        },
        {
          "type": "origins:food"
        }
      ]
    },
    "name":"Carnivore",
    "description":"you can only eat meat"
}