{
	"type":"origins:multiple",
	"send_signal":{
		"type":"origins:active_self",
		"entity_action":{
			"type":"origins:and",
			"actions":[
                {
                    "type": "origins:play_sound",
                    "sound": "minecraft:entity.bat.ambient",
                    "volume":0.1
                },
				{
					"type":"origins:delay",
					"ticks":20,
					"action":{
						"type":"origins:and",
						"actions":[
							{
								"type":"origins:change_resource",
								"resource":"bat:is_glowing",
								"change":1
							},
                            {
                                "type": "origins:play_sound",
                                "sound": "minecraft:entity.bat.ambient",
                                "volume":0.05
                            }
						]
					}
				},
				{
					"type":"origins:and",
					"actions":[
						{
							"type":"origins:delay",
							"ticks":60,
							"action":{
								"type":"origins:change_resource",
								"resource":"bat:is_glowing",
								"change":-1
							}
						}
					]
				}
			]
		},
		"key": {
			"key": "key.origins.primary_active",
			"continuous": true
		},
		"cooldown":40,
		"hud_render":{
			"should_render":false
		}
	},
	"get_signal_and_glow":{
		"type":"origins:entity_glow",
		"entity_condition":{
			"type":"origins:constant",
			"value":true
		},
		"condition":{
			"type":"origins:resource",
			"resource":"bat:is_glowing",
			"comparison":"==",
			"compare_to":1
		}
	},
	"name":"Echoloctaion",
	"description":"send a sonic pulse that makes entitys around you glow"
}