{
	"type":"origins:multiple",
	"fly_boost":{
        "type": "origins:active_self",
        "entity_action": {
            "type":"origins:and",
            "actions":[
                {
                    "type": "origins:add_velocity",
                    "space":"local",
                    "z": 0.08
                }
            ]
        },
        "cooldown": 1,
        "hud_render": {
            "should_render": false
        },
        "condition": {
            "type": "origins:and",
            "conditions": [
                {
                    "type": "origins:exposed_to_sky",
                    "inverted": true
                },
                {
                    "type": "origins:fall_flying"
                },
                {
                    "type": "origins:submerged_in",
                    "fluid": "minecraft:water",
                    "inverted": true
                }
            ]
        },
        "key": {
            "key": "key.jump",
            "continuous": true
        },
        "name":"flap",
        "description":"when youre under a roof you can 'flap' your wings and get a boost"
    },
    "flap_sound":{
        "type": "origins:active_self",
        "entity_action": {
            "type": "origins:play_sound",
            "sound": "minecraft:entity.bat.takeoff",
            "volume":0.1
        },
        "cooldown": 5,
        "hud_render": {
            "should_render": false
        },
        "key": {
            "key": "key.jump"
        },
        "condition": {
            "type": "origins:on_block",
            "block_condition": {
                "type": "origins:attachable"
            },
            "inverted":true
        }
    },
    "name":"Flap those wings!",
    "description":"when youre under a roof you can 'flap' your wings and get a boost"
}