{
	"powers": [
		"warp:descriptions/displacement",
		"warp:descriptions/relocation",
		"warp:descriptions/transdimensional",
		"warp:descriptions/speed",
		"warp:descriptions/evolution",
		"warp:descriptions/sunlight",
		"warp:descriptions/nausea",
		"warp:sunlight",
		"warp:relocation",
		"warp:displacement",
		"warp:recover",
		"warp:displacekill",
		"warp:evolution",
		"warp:speed",
		"warp:invis",
		"warp:findwife",
		"warp:marry",
		"warp:wifeparticle",
		"warp:transdimensional"
	],
	"icon": "minecraft:magenta_glazed_terracotta",
	"order": 0,
	"impact": 3,
	"unchoosable": true,
	"name": "Warper",
	"description": "Warpers are an alien race that have evolved over several millennia to displace their particles and reform them in another location. Although that doesn't make it completely safe to use!"
}
