{
    "type": "origins:prevent_sleep",
    "name": "Fresh Air+",
    "description": "Your bed has to be at at an altitude of 86 blocks or higher, and needs to be exposed to the sky.",
    "message": "You can't sleep, you don't have enough fresh air.",
    "block_condition": {
        "type": "origins:or",
        "inverted": false,
        "conditions": [
            {
                "type": "origins:exposed_to_sky",
                "inverted": true
            },
            {
                "type": "origins:height",
                "inverted": false,
                "comparison": "<",
                "compare_to": 86
            }
        ]
    },
    "hidden": false,
    "loading_priority": 4,
    "set_spawn_point": true
}