{
    "type": "origins:active_self",
    "name": "Tailwind+",
    "description": "You have a permanent 20% speed boost. You can double the effect for 20 seconds, but your hunger will exhaust much more quickly.",
    "hud_render": {
        "should_render": true,
        "sprite_location": "origins:textures/gui/community/spiderkolo/resource_bar_03.png",
        "bar_index": 23
    },
    "entity_action": {
        "type": "origins:apply_effect",
        "effect": {
            "is_ambient": false,
            "show_particles": false,
            "show_icon": true,
            "effect": "minecraft:speed",
            "duration": 400
        },
        "effects": [
            {
                "duration": 400,
                "is_ambient": false,
                "show_particles": false,
                "show_icon": false,
                "effect": "minecraft:hunger"
            }
        ]
    },
    "cooldown": 500
}