{
  "temperature": 0.8,
  "downfall": 0.4,
  "precipitation": "none",
  "temperature_modifier": "none",
  "category": "none",
  "effects": {
    "sky_color": 0,
    "fog_color": 0,
    "water_color": 0,
    "water_fog_color": 0,
    "grass_color": 0,
    "foliage_color": 0,
    "grass_color_modifier": "none",
    "ambient_sound": "ambient.soul_sand_valley.loop",
    "mood_sound": {
      "sound": "ambient.soul_sand_valley.loop",
      "tick_delay": 100,
      "block_search_extent": 10,
      "offset": 4
    },
    "particle": {
      "options": {
        "type": "mycelium"
      },
      "probability": 0.001
    }
  },
  "spawners": {},
  "spawn_costs": {},
  "carvers": {},
  "features": []
}