
  {
    "name": "Air pocket",
    "description": "You store a pocket of air under your elytras allowing you to stay much longer underwater.",
  "type": "origins:stacking_status_effect",
  "min_stacks": 1,
  "max_stacks": 1,
  "duration_per_stack": 350,
  "effect": {
  "effect": "minecraft:water_breathing",
  "is_ambient": true,
  "show_particles": false,
  "show_icon": false
  },
    "condition": {
      "type": "origins:submerged_in",
      "fluid": "minecraft:water",
      "inverted": true
    }
  }