{
  "name": "Climbing",
  "description": "You are able to climb to walls",
  "type": "origins:climbing",
  "hold_condition": {
    "type": "origins:or",
    "conditions": [
	{
        "type": "origins:block_collision",
        "offset_x": -0.02,
        "offset_z": -0.02,
        "offset_y": 0
      },
	{
        "type": "origins:block_collision",
        "offset_x": 0.02,
        "offset_z": 0.02,
        "offset_y": 0
      },
      {
        "type": "origins:block_collision",
        "offset_x": 0.01,
        "offset_z": 0.01,
        "offset_y": 0
      },
      {
        "type": "origins:block_collision",
        "offset_x": -0.01,
        "offset_z": -0.01,
        "offset_y": 0
      }
    ]
  },
  "condition": {
    "type": "origins:collided_horizontally"
  }
}