{
  "type": "origins:recipe",
  "recipe": {
    "type": "minecraft:crafting_shaped",
    "id": "beetle:elyra_with_membrane",
    "pattern": [
      "#S#",
      "# #"
    ],
    "key": {
      "#": {
        "item": "minecraft:phantom_membrane"
      },
      "S": {
        "item": "minecraft:end_rod"
      }
    },
    "result": {
      "item": "minecraft:elytra",
      "count": 1
    }
  },
"name":"Elytra expert",
"description":"Elytras are part of you, you have succeded to recreate artificial replicas using 4 phantom membranes and an end rod."
}