{
  "type": "origins:conditioned_attribute",
  "modifier": {
      "attribute": "generic.attack_damage",
      "operation": "addition",
      "value": 7
  },
  "condition": {
      "type": "origins:and",
      "conditions": [
          {
              "type": "origins:equipped_item",
              "equipment_slot": "mainhand",
              "item_condition": {
                  "type": "origins:ingredient",
                  "ingredient": {
                      "item": "minecraft:air"
                  }
              }
          }
      ]
  },
  "hidden": true
}