{
  "type": "origins:target_action_on_hit",
  "entity_action": {
    "type": "origins:add_velocity",
    "z": -1.4,
    "space": "local"
  },
  "cooldown": 150,
  "hud_render": {
    "should_render": true,
"bar_index": 3
  },
"condition": {
      "type": "origins:and",
      "conditions": [
          {
              "type": "origins:equipped_item",
              "equipment_slot": "mainhand",
              "item_condition": {
                  "type": "origins:ingredient",
                  "ingredient": {
                      "item": "minecraft:air"
                  }
              }
          },
	  {
      "type": "origins:sneaking",
	"inverted": true
	  }
      ]
  },
  "name": "Horns",
  "description" : "If attacking while holding nothing you will use your horns to deal increased damage and knockback."
}
