{
  "type": "origins:multiple",
  "modify_size": {
    "type": "extraorigins:modify_size",
    "scale": 0.7
  },
  "attribute_modifiers": {
    "type": "origins:attribute",
    "modifiers": [
      {
        "name": "Origin modifier",
        "attribute": "generic.attack_speed",
        "value": 0,
        "operation": "addition"
      },
      {
        "name": "Origin modifier",
        "attribute": "reach-entity-attributes:attack_range",
        "value": -1,
        "operation": "addition"
      },
      {
        "name": "Origin modifier",
        "attribute": "reach-entity-attributes:reach",
        "value": -1,
        "operation": "addition"
      },
      {
        "name": "Origin modifier",
        "attribute": "generic.knockback_resistance",
        "value": 3,
        "operation": "addition"
      }
    ]
  },
  "name": "Smol beetle like",
  "description": "You are much smaller and slightly black-blue ish."
}