{
  "type": "origins:active_self",
  "entity_action": {
    "type": "origins:and",
    "actions": [
      {
        "type": "origins:execute_command",
        "command": "effect give @s minecraft:resistance 2 2 true",
        "permission_level": 4
      },
      {
        "type": "origins:execute_command",
        "command": "playsound minecraft:entity.blaze.hurt player @a[distance=..10] ~ ~ ~ 1 1 1",
        "permission_level": 4
      },
      {
        "type": "origins:add_velocity",
        "z": 2,
        "space": "local"
      },
      {
        "type": "origins:add_velocity",
        "y": 1
      },
      {
        "type": "origins:exhaust",
        "amount": 8
      }
    ]
  },
 "condition": {
  "type": "origins:or",
  "conditions": [
    {
    "type": "origins:on_block"
    },
    {
    "type": "origins:collided_horizontally"
  }
]
},
  "key": {
    "key": "key.origins.primary_active",
    "continuous": false
  },
  "cooldown": 250,
  "hud_render": {
    "should_render": true,
    "bar_index": 4
  },

  "name": "Take off",
  "description": "You take off in the direction you're facing and quickly use your elytras to gain height, but be aware that it will exhaust you. [Primary on the ground]."
}