{
	"name": "Divine Protection",
	"description": "Grants Resistance II.",
	"type": "origins:stacking_status_effect",
	"min_stacks": 0,
	"max_stacks": 1,
	"duration_per_stack": 19,
	"tick_rate": 18,
	"effect": {
		"effect": "minecraft:resistance",
		"amplifier": 1,
		"is_ambient": true,
		"show_particles": false,
		"show_icon": true
	},
	"condition": {
		"type": "origins:and",
		"conditions": [
			{
				"type": "origins:equipped_item",
				"equipment_slot": "head",
				"item_condition": {
					"type": "origins:ingredient",
					"ingredient": {
						"item": "minecraft:iron_helmet"
					}
				}
			},
			{
				"type": "origins:equipped_item",
				"equipment_slot": "chest",
				"item_condition": {
					"type": "origins:ingredient",
					"ingredient": {
						"item": "minecraft:iron_chestplate"
					}
				}
			},
			{
				"type": "origins:equipped_item",
				"equipment_slot": "legs",
				"item_condition": {
					"type": "origins:ingredient",
					"ingredient": {
						"item": "minecraft:iron_leggings"
					}
				}
			},
			{
				"type": "origins:equipped_item",
				"equipment_slot": "feet",
				"item_condition": {
					"type": "origins:ingredient",
					"ingredient": {
						"item": "minecraft:iron_boots"
					}
				}
			}
		]
	}
}