{
	"name": "Martyr Resource",
	"description": "Counter for Martyr.",
	"hidden": true,
    "type": "origins:resource",
	"min": 0,
	"max": 360,
    "max_action": {
        "type": "origins:and",
		"actions": [
			{
				"type": "origins:execute_command",
				"command": "tellraw @a \"[§4§k§lGod§r] §kJudgement has been rendered\""
			},
			{
				"type": "origins:execute_command",
				"command": "playsound minecraft:entity.vex.death master @s ~ ~ ~ 12.5 0 0"
			},
			{
				"type": "origins:execute_command",
				"command": "playsound minecraft:entity.blaze.death master @s ~ ~ ~ 12.5 0 0"
			},
			{
				"type": "origins:execute_command",
				"command": "weather thunder"
			},
			{
				"type": "origins:execute_command",
				"command": "particle minecraft:large_smoke ~ ~ ~ 25 25 25 0 10000 force @s"
			},
			{
				"type": "origins:execute_command",
				"command": "execute at @s run spreadplayers ~ ~ 5 50 false @e[type=minecraft:armor_stand,name=Martyr]"
			},
			{
				"type": "origins:execute_command",
				"command": "execute at @e[type=minecraft:armor_stand,name=Martyr] run summon minecraft:fireball ~ ~ ~ {Motion:[0.0,-10.0,0.0],ExplosionPower:12}"
			},
			{
				"type": "origins:execute_command",
				"command": "summon minecraft:fireball ~ ~ ~ {Motion:[0.0,-10.0,0.0],ExplosionPower:15}"
			},
			{
				"type": "origins:execute_command",
				"command": "kill @s"
			}
		]
    },
    "hud_render": {
        "should_render": true
    }
}