{
	"name": "Martyr",
	"description": "Burn long enough, and a higher power will smite the earth.",
	"type": "origins:action_over_time",
    "entity_action": {
		"type": "origins:and",
		"actions": [
			{
				"type": "origins:if_else_list",
				"actions": [
					{
						"condition": {
							"type": "origins:in_block",
							"block_condition": {
								"type": "origins:block",
								"block": "minecraft:fire"
							}
						},
						"action": {
							"type": "origins:if_else_list",
							"actions": [
								{
									"condition": {
										"type": "origins:and",
										"conditions": [
											{
												"type": "origins:equipped_item",
												"equipment_slot": "head",
												"item_condition": {
													"type": "origins:ingredient",
													"ingredient": {
														"item": "minecraft:iron_helmet"
													}
												}
											},
											{
												"type": "origins:equipped_item",
												"equipment_slot": "chest",
												"item_condition": {
													"type": "origins:ingredient",
													"ingredient": {
														"item": "minecraft:iron_chestplate"
													}
												}
											},
											{
												"type": "origins:equipped_item",
												"equipment_slot": "legs",
												"item_condition": {
													"type": "origins:ingredient",
													"ingredient": {
														"item": "minecraft:iron_leggings"
													}
												}
											},
											{
												"type": "origins:equipped_item",
												"equipment_slot": "feet",
												"item_condition": {
													"type": "origins:ingredient",
													"ingredient": {
														"item": "minecraft:iron_boots"
													}
												}
											},
											{
												"type": "origins:status_effect",
												"inverted": true,
												"effect": "minecraft:fire_resistance"
											}
										]
									},
									"action": {
										"type": "origins:change_resource",
										"resource": "templarknight:martyr_resource",
										"change": 1
									}
								}
							]
						}
					},
					{
						"condition": {
							"type": "origins:in_block",
							"block_condition": {
								"type": "origins:block",
								"block": "minecraft:fire"
							},
							"inverted": true
						},
						"action": {
							"type": "origins:and",
							"actions": [
								{
									"type": "origins:if_else_list",
									"actions": [
										{
											"condition": {
												"type": "origins:resource",
												"resource": "templarknight:martyr_resource",
												"comparison": ">",
												"compare_to": 192
											},
											"action": {
												"type": "origins:execute_command",
												"command": "kill @s"
											}
										}
									]
								},
								{
									"type": "origins:change_resource",
									"resource": "templarknight:martyr_resource",
									"operation": "set",
									"change": 0
								},
								{
									"type": "origins:execute_command",
									"command": "kill @e[type=minecraft:armor_stand,name=Martyr]"
								}
							]
						}
					}
				]
			},
			{
				"type": "origins:if_else_list",
				"actions": [
					{
						"condition": {
							"type": "origins:and",
							"inverted": true,
							"conditions": [
								{
									"type": "origins:equipped_item",
									"equipment_slot": "head",
									"item_condition": {
										"type": "origins:ingredient",
										"ingredient": {
											"item": "minecraft:iron_helmet"
										}
									}
								},
								{
									"type": "origins:equipped_item",
									"equipment_slot": "chest",
									"item_condition": {
										"type": "origins:ingredient",
										"ingredient": {
											"item": "minecraft:iron_chestplate"
										}
									}
								},
								{
									"type": "origins:equipped_item",
									"equipment_slot": "legs",
									"item_condition": {
										"type": "origins:ingredient",
										"ingredient": {
											"item": "minecraft:iron_leggings"
										}
									}
								},
								{
									"type": "origins:equipped_item",
									"equipment_slot": "feet",
									"item_condition": {
										"type": "origins:ingredient",
										"ingredient": {
											"item": "minecraft:iron_boots"
										}
									}
								},
								{
									"type": "origins:status_effect",
									"inverted": true,
									"effect": "minecraft:fire_resistance"
								}
							]
						},
						"action": {
							"type": "origins:and",
							"actions": [
								{
									"type": "origins:if_else_list",
									"actions": [
										{
											"condition": {
												"type": "origins:resource",
												"resource": "templarknight:martyr_resource",
												"comparison": ">",
												"compare_to": 192
											},
											"action": {
												"type": "origins:execute_command",
												"command": "kill @s"
											}
										}
									]
								},
								{
									"type": "origins:change_resource",
									"resource": "templarknight:martyr_resource",
									"operation": "set",
									"change": 0
								},
								{
									"type": "origins:execute_command",
									"command": "kill @e[type=minecraft:armor_stand,name=Martyr]"
								}
							]
						}
					}
				]
			},
			{
				"type": "origins:if_else_list",
				"actions": [
					{
						"condition": {
							"type": "origins:resource",
							"resource": "templarknight:martyr_resource",
							"comparison": "==",
							"compare_to": 16
						},
						"action": {
							"type": "origins:execute_command",
							"command": "playsound minecraft:block.bell.use master @s ~ ~ ~ 12.5 0 0"
						}
					}
				]
			},
			{
				"type": "origins:if_else_list",
				"actions": [
					{
						"condition": {
							"type": "origins:resource",
							"resource": "templarknight:martyr_resource",
							"comparison": "==",
							"compare_to": 32
						},
						"action": {
							"type": "origins:execute_command",
							"command": "playsound minecraft:block.bell.use master @s ~ ~ ~ 12.5 0 0"
						}
					}
				]
			},
			{
				"type": "origins:if_else_list",
				"actions": [
					{
						"condition": {
							"type": "origins:resource",
							"resource": "templarknight:martyr_resource",
							"comparison": "==",
							"compare_to": 48
						},
						"action": {
							"type": "origins:execute_command",
							"command": "playsound minecraft:block.bell.use master @s ~ ~ ~ 12.5 0 0"
						}
					}
				]
			},
			{
				"type": "origins:if_else_list",
				"actions": [
					{
						"condition": {
							"type": "origins:resource",
							"resource": "templarknight:martyr_resource",
							"comparison": "==",
							"compare_to": 64
						},
						"action": {
							"type": "origins:execute_command",
							"command": "playsound minecraft:block.bell.use master @s ~ ~ ~ 12.5 0 0"
						}
					}
				]
			},
			{
				"type": "origins:if_else_list",
				"actions": [
					{
						"condition": {
							"type": "origins:resource",
							"resource": "templarknight:martyr_resource",
							"comparison": "==",
							"compare_to": 80
						},
						"action": {
							"type": "origins:execute_command",
							"command": "playsound minecraft:block.bell.use master @s ~ ~ ~ 12.5 0 0"
						}
					}
				]
			},
			{
				"type": "origins:if_else_list",
				"actions": [
					{
						"condition": {
							"type": "origins:resource",
							"resource": "templarknight:martyr_resource",
							"comparison": "==",
							"compare_to": 96
						},
						"action": {
							"type": "origins:execute_command",
							"command": "playsound minecraft:block.bell.use master @s ~ ~ ~ 12.5 0 0"
						}
					}
				]
			},
			{
				"type": "origins:if_else_list",
				"actions": [
					{
						"condition": {
							"type": "origins:resource",
							"resource": "templarknight:martyr_resource",
							"comparison": "==",
							"compare_to": 112
						},
						"action": {
							"type": "origins:execute_command",
							"command": "playsound minecraft:block.bell.use master @s ~ ~ ~ 12.5 0 0"
						}
					}
				]
			},
			{
				"type": "origins:if_else_list",
				"actions": [
					{
						"condition": {
							"type": "origins:resource",
							"resource": "templarknight:martyr_resource",
							"comparison": "==",
							"compare_to": 128
						},
						"action": {
							"type": "origins:execute_command",
							"command": "playsound minecraft:block.bell.use master @s ~ ~ ~ 12.5 0 0"
						}
					}
				]
			},
			{
				"type": "origins:if_else_list",
				"actions": [
					{
						"condition": {
							"type": "origins:resource",
							"resource": "templarknight:martyr_resource",
							"comparison": "==",
							"compare_to": 144
						},
						"action": {
							"type": "origins:execute_command",
							"command": "playsound minecraft:block.bell.use master @s ~ ~ ~ 12.5 0 0"
						}
					}
				]
			},
			{
				"type": "origins:if_else_list",
				"actions": [
					{
						"condition": {
							"type": "origins:resource",
							"resource": "templarknight:martyr_resource",
							"comparison": "==",
							"compare_to": 160
						},
						"action": {
							"type": "origins:execute_command",
							"command": "playsound minecraft:block.bell.use master @s ~ ~ ~ 12.5 0 0"
						}
					}
				]
			},
			{
				"type": "origins:if_else_list",
				"actions": [
					{
						"condition": {
							"type": "origins:resource",
							"resource": "templarknight:martyr_resource",
							"comparison": "==",
							"compare_to": 176
						},
						"action": {
							"type": "origins:execute_command",
							"command": "playsound minecraft:block.bell.use master @s ~ ~ ~ 12.5 0 0"
						}
					}
				]
			},
			{
				"type": "origins:if_else_list",
				"actions": [
					{
						"condition": {
							"type": "origins:resource",
							"resource": "templarknight:martyr_resource",
							"comparison": "==",
							"compare_to": 192
						},
						"action": {
							"type": "origins:execute_command",
							"command": "summon minecraft:lightning_bolt ~ ~ ~"
						}
					}
				]
			},
			{
				"type": "origins:if_else_list",
				"actions": [
					{
						"condition": {
							"type": "origins:resource",
							"resource": "templarknight:martyr_resource",
							"comparison": "==",
							"compare_to": 208
						},
						"action": {
							"type": "origins:execute_command",
							"command": "summon minecraft:lightning_bolt ~ ~ ~"
						}
					}
				]
			},
			{
				"type": "origins:if_else_list",
				"actions": [
					{
						"condition": {
							"type": "origins:resource",
							"resource": "templarknight:martyr_resource",
							"comparison": "==",
							"compare_to": 224
						},
						"action": {
							"type": "origins:execute_command",
							"command": "summon minecraft:lightning_bolt ~ ~ ~"
						}
					}
				]
			},
			{
				"type": "origins:if_else_list",
				"actions": [
					{
						"condition": {
							"type": "origins:resource",
							"resource": "templarknight:martyr_resource",
							"comparison": "==",
							"compare_to": 240
						},
						"action": {
							"type": "origins:execute_command",
							"command": "summon minecraft:lightning_bolt ~ ~ ~"
						}
					}
				]
			},
			{
				"type": "origins:if_else_list",
				"actions": [
					{
						"condition": {
							"type": "origins:resource",
							"resource": "templarknight:martyr_resource",
							"comparison": "==",
							"compare_to": 256
						},
						"action": {
							"type": "origins:execute_command",
							"command": "summon minecraft:lightning_bolt ~ ~ ~"
						}
					}
				]
			},
			{
				"type": "origins:if_else_list",
				"actions": [
					{
						"condition": {
							"type": "origins:resource",
							"resource": "templarknight:martyr_resource",
							"comparison": "==",
							"compare_to": 272
						},
						"action": {
							"type": "origins:execute_command",
							"command": "summon minecraft:lightning_bolt ~ ~ ~"
						}
					}
				]
			},
			{
				"type": "origins:if_else_list",
				"actions": [
					{
						"condition": {
							"type": "origins:resource",
							"resource": "templarknight:martyr_resource",
							"comparison": "==",
							"compare_to": 288
						},
						"action": {
							"type": "origins:execute_command",
							"command": "summon minecraft:lightning_bolt ~ ~ ~"
						}
					}
				]
			},
			{
				"type": "origins:if_else_list",
				"actions": [
					{
						"condition": {
							"type": "origins:resource",
							"resource": "templarknight:martyr_resource",
							"comparison": "==",
							"compare_to": 305
						},
						"action": {
							"type": "origins:and",
							"actions": [
								{
									"type": "origins:spawn_entity",
									"entity_type": "minecraft:armor_stand",
									"tag": "{NoGravity:1b,Invulnerable:1,Invisible:1,CustomName:\"\\\"Martyr\\\"\"}"
								},
								{
									"type": "origins:spawn_entity",
									"entity_type": "minecraft:armor_stand",
									"tag": "{NoGravity:1b,Invulnerable:1,Invisible:1,CustomName:\"\\\"Martyr\\\"\"}"
								}
							]
						}
					}
				]
			},
			{
				"type": "origins:if_else_list",
				"actions": [
					{
						"condition": {
							"type": "origins:resource",
							"resource": "templarknight:martyr_resource",
							"comparison": "==",
							"compare_to": 310
						},
						"action": {
							"type": "origins:and",
							"actions": [
								{
									"type": "origins:spawn_entity",
									"entity_type": "minecraft:armor_stand",
									"tag": "{NoGravity:1b,Invulnerable:1,Invisible:1,CustomName:\"\\\"Martyr\\\"\"}"
								},
								{
									"type": "origins:spawn_entity",
									"entity_type": "minecraft:armor_stand",
									"tag": "{NoGravity:1b,Invulnerable:1,Invisible:1,CustomName:\"\\\"Martyr\\\"\"}"
								}
							]
						}
					}
				]
			},
			{
				"type": "origins:if_else_list",
				"actions": [
					{
						"condition": {
							"type": "origins:resource",
							"resource": "templarknight:martyr_resource",
							"comparison": "==",
							"compare_to": 315
						},
						"action": {
							"type": "origins:and",
							"actions": [
								{
									"type": "origins:spawn_entity",
									"entity_type": "minecraft:armor_stand",
									"tag": "{NoGravity:1b,Invulnerable:1,Invisible:1,CustomName:\"\\\"Martyr\\\"\"}"
								},
								{
									"type": "origins:spawn_entity",
									"entity_type": "minecraft:armor_stand",
									"tag": "{NoGravity:1b,Invulnerable:1,Invisible:1,CustomName:\"\\\"Martyr\\\"\"}"
								}
							]
						}
					}
				]
			},
			{
				"type": "origins:if_else_list",
				"actions": [
					{
						"condition": {
							"type": "origins:resource",
							"resource": "templarknight:martyr_resource",
							"comparison": "==",
							"compare_to": 320
						},
						"action": {
							"type": "origins:and",
							"actions": [
								{
									"type": "origins:spawn_entity",
									"entity_type": "minecraft:armor_stand",
									"tag": "{NoGravity:1b,Invulnerable:1,Invisible:1,CustomName:\"\\\"Martyr\\\"\"}"
								},
								{
									"type": "origins:spawn_entity",
									"entity_type": "minecraft:armor_stand",
									"tag": "{NoGravity:1b,Invulnerable:1,Invisible:1,CustomName:\"\\\"Martyr\\\"\"}"
								}
							]
						}
					}
				]
			},
			{
				"type": "origins:if_else_list",
				"actions": [
					{
						"condition": {
							"type": "origins:resource",
							"resource": "templarknight:martyr_resource",
							"comparison": "==",
							"compare_to": 325
						},
						"action": {
							"type": "origins:and",
							"actions": [
								{
									"type": "origins:spawn_entity",
									"entity_type": "minecraft:armor_stand",
									"tag": "{NoGravity:1b,Invulnerable:1,Invisible:1,CustomName:\"\\\"Martyr\\\"\"}"
								},
								{
									"type": "origins:spawn_entity",
									"entity_type": "minecraft:armor_stand",
									"tag": "{NoGravity:1b,Invulnerable:1,Invisible:1,CustomName:\"\\\"Martyr\\\"\"}"
								}
							]
						}
					}
				]
			},
			{
				"type": "origins:if_else_list",
				"actions": [
					{
						"condition": {
							"type": "origins:resource",
							"resource": "templarknight:martyr_resource",
							"comparison": "==",
							"compare_to": 330
						},
						"action": {
							"type": "origins:and",
							"actions": [
								{
									"type": "origins:spawn_entity",
									"entity_type": "minecraft:armor_stand",
									"tag": "{NoGravity:1b,Invulnerable:1,Invisible:1,CustomName:\"\\\"Martyr\\\"\"}"
								},
								{
									"type": "origins:spawn_entity",
									"entity_type": "minecraft:armor_stand",
									"tag": "{NoGravity:1b,Invulnerable:1,Invisible:1,CustomName:\"\\\"Martyr\\\"\"}"
								}
							]
						}
					}
				]
			},
			{
				"type": "origins:if_else_list",
				"actions": [
					{
						"condition": {
							"type": "origins:resource",
							"resource": "templarknight:martyr_resource",
							"comparison": "==",
							"compare_to": 335
						},
						"action": {
							"type": "origins:and",
							"actions": [
								{
									"type": "origins:spawn_entity",
									"entity_type": "minecraft:armor_stand",
									"tag": "{NoGravity:1b,Invulnerable:1,Invisible:1,CustomName:\"\\\"Martyr\\\"\"}"
								},
								{
									"type": "origins:spawn_entity",
									"entity_type": "minecraft:armor_stand",
									"tag": "{NoGravity:1b,Invulnerable:1,Invisible:1,CustomName:\"\\\"Martyr\\\"\"}"
								}
							]
						}
					}
				]
			},
			{
				"type": "origins:if_else_list",
				"actions": [
					{
						"condition": {
							"type": "origins:resource",
							"resource": "templarknight:martyr_resource",
							"comparison": "==",
							"compare_to": 340
						},
						"action": {
							"type": "origins:and",
							"actions": [
								{
									"type": "origins:spawn_entity",
									"entity_type": "minecraft:armor_stand",
									"tag": "{NoGravity:1b,Invulnerable:1,Invisible:1,CustomName:\"\\\"Martyr\\\"\"}"
								},
								{
									"type": "origins:spawn_entity",
									"entity_type": "minecraft:armor_stand",
									"tag": "{NoGravity:1b,Invulnerable:1,Invisible:1,CustomName:\"\\\"Martyr\\\"\"}"
								}
							]
						}
					}
				]
			},
			{
				"type": "origins:if_else_list",
				"actions": [
					{
						"condition": {
							"type": "origins:resource",
							"resource": "templarknight:martyr_resource",
							"comparison": "==",
							"compare_to": 345
						},
						"action": {
							"type": "origins:and",
							"actions": [
								{
									"type": "origins:spawn_entity",
									"entity_type": "minecraft:armor_stand",
									"tag": "{NoGravity:1b,Invulnerable:1,Invisible:1,CustomName:\"\\\"Martyr\\\"\"}"
								},
								{
									"type": "origins:spawn_entity",
									"entity_type": "minecraft:armor_stand",
									"tag": "{NoGravity:1b,Invulnerable:1,Invisible:1,CustomName:\"\\\"Martyr\\\"\"}"
								}
							]
						}
					}
				]
			},
			{
				"type": "origins:if_else_list",
				"actions": [
					{
						"condition": {
							"type": "origins:resource",
							"resource": "templarknight:martyr_resource",
							"comparison": "==",
							"compare_to": 350
						},
						"action": {
							"type": "origins:and",
							"actions": [
								{
									"type": "origins:spawn_entity",
									"entity_type": "minecraft:armor_stand",
									"tag": "{NoGravity:1b,Invulnerable:1,Invisible:1,CustomName:\"\\\"Martyr\\\"\"}"
								},
								{
									"type": "origins:spawn_entity",
									"entity_type": "minecraft:armor_stand",
									"tag": "{NoGravity:1b,Invulnerable:1,Invisible:1,CustomName:\"\\\"Martyr\\\"\"}"
								}
							]
						}
					}
				]
			},
			{
				"type": "origins:if_else_list",
				"actions": [
					{
						"condition": {
							"type": "origins:resource",
							"resource": "templarknight:martyr_resource",
							"comparison": "==",
							"compare_to": 355
						},
						"action": {
							"type": "origins:and",
							"actions": [
								{
									"type": "origins:spawn_entity",
									"entity_type": "minecraft:armor_stand",
									"tag": "{NoGravity:1b,Invulnerable:1,Invisible:1,CustomName:\"\\\"Martyr\\\"\"}"
								},
								{
									"type": "origins:spawn_entity",
									"entity_type": "minecraft:armor_stand",
									"tag": "{NoGravity:1b,Invulnerable:1,Invisible:1,CustomName:\"\\\"Martyr\\\"\"}"
								}
							]
						}
					}
				]
			},
			{
				"type": "origins:if_else_list",
				"actions": [
					{
						"condition": {
							"type": "origins:resource",
							"resource": "templarknight:martyr_resource",
							"comparison": ">",
							"compare_to": 300
						},
						"action": {
							"type": "origins:and",
							"actions": [
								{
									"type": "origins:execute_command",
									"command": "execute at @s run spreadplayers ~ ~ 5 50 false @e[type=minecraft:armor_stand,name=Martyr]"
								},
								{
									"type": "origins:execute_command",
									"command": "execute at @e[type=minecraft:armor_stand,name=Martyr] run summon minecraft:lightning_bolt ~ ~ ~"										
								}
							]
						}
					}
				]
			},
			{
				"type": "origins:if_else_list",
				"actions": [
					{
						"condition": {
							"type": "origins:resource",
							"resource": "templarknight:martyr_resource",
							"comparison": ">",
							"compare_to": 77
						},
						"action": {
							"type": "origins:execute_command",
							"command": "particle minecraft:end_rod ~ ~ ~ 25 25 25 0 1000 normal @s"	
						}
					}
				]
			}
		]
    },
	"interval": 5	
}