{
	"name": "Divine Smite",
	"description": "Extra 2.5 hearts damage against undead.",
	"type": "origins:modify_damage_dealt",
    "target_condition": {
        "type": "origins:entity_group",
        "group": "undead"
    },
    "modifier": {
        "name": "Undead Smite",
        "operation": "addition",
        "value": 2.5
    },
	"condition": {
		"type": "origins:and",
		"conditions": [
			{
				"type": "origins:equipped_item",
				"equipment_slot": "head",
				"item_condition": {
					"type": "origins:ingredient",
					"ingredient": {
						"item": "minecraft:iron_helmet"
					}
				}
			},
			{
				"type": "origins:equipped_item",
				"equipment_slot": "chest",
				"item_condition": {
					"type": "origins:ingredient",
					"ingredient": {
						"item": "minecraft:iron_chestplate"
					}
				}
			},
			{
				"type": "origins:equipped_item",
				"equipment_slot": "legs",
				"item_condition": {
					"type": "origins:ingredient",
					"ingredient": {
						"item": "minecraft:iron_leggings"
					}
				}
			},
			{
				"type": "origins:equipped_item",
				"equipment_slot": "feet",
				"item_condition": {
					"type": "origins:ingredient",
					"ingredient": {
						"item": "minecraft:iron_boots"
					}
				}
			}
		]
	}
}