{
	"name": "Table Manners",
	"description": "Can only eat while wearing Iron Armor.",
	"type": "origins:prevent_item_use",
	"item_condition": {
		"type": "origins:food"
	},
	"condition": {
		"type": "origins:and",
		"inverted": true,
		"conditions": [
			{
				"type": "origins:equipped_item",
				"equipment_slot": "head",
				"item_condition": {
					"type": "origins:ingredient",
					"ingredient": {
						"item": "minecraft:iron_helmet"
					}
				}
			},
			{
				"type": "origins:equipped_item",
				"equipment_slot": "chest",
				"item_condition": {
					"type": "origins:ingredient",
					"ingredient": {
						"item": "minecraft:iron_chestplate"
					}
				}
			},
			{
				"type": "origins:equipped_item",
				"equipment_slot": "legs",
				"item_condition": {
					"type": "origins:ingredient",
					"ingredient": {
						"item": "minecraft:iron_leggings"
					}
				}
			},
			{
				"type": "origins:equipped_item",
				"equipment_slot": "feet",
				"item_condition": {
					"type": "origins:ingredient",
					"ingredient": {
						"item": "minecraft:iron_boots"
					}
				}
			}
		]
	}
}