{
  "name": "kaisyn:village/exclusives/classic/streets",
  "fallback": "minecraft:empty",
  "elements": [
    {
      "weight": 1,
      "element": {
        "element_type": "minecraft:legacy_single_pool_element",
        "projection": "terrain_matching",
        "location": "kaisyn:village/exclusives/classic/streets/straight_1",
        "processors": "kaisyn:street_classic"
      }
    },
    {
      "weight": 1,
      "element": {
        "element_type": "minecraft:legacy_single_pool_element",
        "projection": "terrain_matching",
        "location": "kaisyn:village/exclusives/classic/streets/straight_2",
        "processors": "kaisyn:street_classic"
      }
    },
    {
      "weight": 1,
      "element": {
        "element_type": "minecraft:legacy_single_pool_element",
        "projection": "terrain_matching",
        "location": "kaisyn:village/exclusives/classic/streets/straight_3",
        "processors": "kaisyn:street_classic"
      }
    },
    {
      "weight": 1,
      "element": {
        "element_type": "minecraft:legacy_single_pool_element",
        "projection": "terrain_matching",
        "location": "kaisyn:village/exclusives/classic/streets/crossroad_1",
        "processors": "kaisyn:street_classic"
      }
    },
    {
      "weight": 1,
      "element": {
        "element_type": "minecraft:legacy_single_pool_element",
        "projection": "terrain_matching",
        "location": "kaisyn:village/exclusives/classic/streets/crossroad_2",
        "processors": "kaisyn:street_classic"
      }
    },
    {
      "weight": 1,
      "element": {
        "element_type": "minecraft:legacy_single_pool_element",
        "projection": "terrain_matching",
        "location": "kaisyn:village/exclusives/classic/streets/crossroad_3",
        "processors": "kaisyn:street_classic"
      }
    }
  ]
}
