{
  "name": "kaisyn:village/birch_forest_romanian/houses",
  "fallback": "kaisyn:village/birch_forest_romanian/terminators",
  "elements": [
    {
      "weight": 2,
      "element": {
        "location": "kaisyn:village/birch_forest_romanian/houses/small_house_1",
        "processors": "kaisyn:street_romanian",
        "projection": "rigid",
        "element_type": "minecraft:legacy_single_pool_element"
      }
    },
    {
      "weight": 2,
      "element": {
        "location": "kaisyn:village/birch_forest_romanian/houses/small_house_2",
        "processors": "kaisyn:street_romanian",
        "projection": "rigid",
        "element_type": "minecraft:legacy_single_pool_element"
      }
    },
    {
      "weight": 2,
      "element": {
        "location": "kaisyn:village/birch_forest_romanian/houses/small_house_3",
        "processors": "kaisyn:street_romanian",
        "projection": "rigid",
        "element_type": "minecraft:legacy_single_pool_element"
      }
    },
    {
      "weight": 2,
      "element": {
        "location": "kaisyn:village/birch_forest_romanian/houses/small_house_4",
        "processors": "kaisyn:street_romanian",
        "projection": "rigid",
        "element_type": "minecraft:legacy_single_pool_element"
      }
    },
    {
      "weight": 2,
      "element": {
        "location": "kaisyn:village/birch_forest_romanian/houses/small_house_5",
        "processors": "kaisyn:street_romanian",
        "projection": "rigid",
        "element_type": "minecraft:legacy_single_pool_element"
      }
    },
    {
      "weight": 2,
      "element": {
        "location": "kaisyn:village/birch_forest_romanian/houses/small_house_6",
        "processors": "kaisyn:street_romanian",
        "projection": "rigid",
        "element_type": "minecraft:legacy_single_pool_element"
      }
    },
    {
      "weight": 3,
      "element": {
        "location": "kaisyn:village/birch_forest_romanian/houses/medium_house_1",
        "processors": "kaisyn:street_romanian",
        "projection": "rigid",
        "element_type": "minecraft:legacy_single_pool_element"
      }
    },
    {
      "weight": 3,
      "element": {
        "location": "kaisyn:village/birch_forest_romanian/houses/medium_house_2",
        "processors": "kaisyn:street_romanian",
        "projection": "rigid",
        "element_type": "minecraft:legacy_single_pool_element"
      }
    },
    {
      "weight": 3,
      "element": {
        "location": "kaisyn:village/birch_forest_romanian/houses/large_house_1",
        "processors": "kaisyn:street_romanian",
        "projection": "rigid",
        "element_type": "minecraft:legacy_single_pool_element"
      }
    },
    {
      "weight": 3,
      "element": {
        "location": "kaisyn:village/birch_forest_romanian/houses/armorer_and_toolsmith",
        "processors": "kaisyn:street_romanian",
        "projection": "rigid",
        "element_type": "minecraft:legacy_single_pool_element"
      }
    },
    {
      "weight": 3,
      "element": {
        "location": "kaisyn:village/birch_forest_romanian/houses/cartographer_and_librarian",
        "processors": "kaisyn:street_romanian",
        "projection": "rigid",
        "element_type": "minecraft:legacy_single_pool_element"
      }
    },
    {
      "weight": 2,
      "element": {
        "location": "kaisyn:village/birch_forest_romanian/houses/farm",
        "processors": "kaisyn:street_romanian",
        "projection": "rigid",
        "element_type": "minecraft:legacy_single_pool_element"
      }
    },
    {
      "weight": 2,
      "element": {
        "location": "kaisyn:village/birch_forest_romanian/houses/fisher",
        "processors": "kaisyn:street_romanian",
        "projection": "rigid",
        "element_type": "minecraft:legacy_single_pool_element"
      }
    },
    {
      "weight": 2,
      "element": {
        "location": "kaisyn:village/birch_forest_romanian/houses/fletcher",
        "processors": "kaisyn:street_romanian",
        "projection": "rigid",
        "element_type": "minecraft:legacy_single_pool_element"
      }
    },
    {
      "weight": 2,
      "element": {
        "location": "kaisyn:village/birch_forest_romanian/houses/mason",
        "processors": "kaisyn:street_romanian",
        "projection": "rigid",
        "element_type": "minecraft:legacy_single_pool_element"
      }
    },
    {
      "weight": 3,
      "element": {
        "location": "kaisyn:village/birch_forest_romanian/houses/shepherd",
        "processors": "kaisyn:street_romanian",
        "projection": "rigid",
        "element_type": "minecraft:legacy_single_pool_element"
      }
    },
    {
      "weight": 3,
      "element": {
        "location": "kaisyn:village/birch_forest_romanian/houses/tanner_and_butcher",
        "processors": "kaisyn:street_romanian",
        "projection": "rigid",
        "element_type": "minecraft:legacy_single_pool_element"
      }
    },
    {
      "weight": 3,
      "element": {
        "location": "kaisyn:village/birch_forest_romanian/houses/weaponsmith",
        "processors": "kaisyn:street_romanian",
        "projection": "rigid",
        "element_type": "minecraft:legacy_single_pool_element"
      }
    }
  ]
}
