{
	"powers": [
		"fantasyorigins:dark_vision",
		"fantasyorigins:heavy_armor",
		"fantasyorigins:dwarven_might",
		"fantasyorigins:depth_sleep",
		"fantasyorigins:surface_fatigue",
		"fantasyorigins:dwarven_size",
		"fantasyorigins:dwarven_size_modifiers",
		"fantasyorigins:dwarven_skin",
		"fantasyorigins:dwarven_smelting",
		"fantasyorigins:surface_blindness"
	],
	"icon": "minecraft:copper_ingot",
	"order": 2,
	"impact": 2,
	"name": "Dwarf",
	"description": "Dwellers of the deep. They live in the dark and mine all day."
}