{
	"powers": [
                "fantasyorigins:levitation",
                "fantasyorigins:magic_resistance",
		"fantasyorigins:regen",
                "fantasyorigins:allure",
                "fantasyorigins:diminutive",
                "fantasyorigins:iron_aversion"
	],
	"icon": "minecraft:experience_bottle",
	"impact": 2,
        "order": 1,
		"name": "Fae",
  "description": "Beings of magic, faes are capable of far more than regular humans. Whether that is a blessing or a curse; that is for you to decide..."
}