{
	"powers": [
                "fantasyorigins:siren_song",
                "fantasyorigins:amphibious",
                "fantasyorigins:holy_water",
                "fantasyorigins:out_of_your_depth",
                "fantasyorigins:prone",
                "fantasyorigins:flammable",
                "fantasyorigins:water_vision"
	],
	"icon": "minecraft:sea_lantern",
	"impact": 2,
        "order": 1,
		"name": "Siren",
  "description": "Sirens have an ensnaring beauty and an evil nature, their irresistible beauty being the downfall of many a sailor. Its up to you to use this power to its full advantage."
}