{
    "name": "Wild Hunter",
    "description": "You hunt with ferocity of the wild making your fists faster.",
    "condition": {
        "type": "origins:equipped_item",
        "equipment_slot": "mainhand",
        "item_condition": {
            "type": "origins:ingredient",
            "ingredient": {
                "item": "minecraft:air"
            }
        }
    },
    "type": "origins:self_action_on_hit",
    "entity_action": {
        "type": "origins:execute_command",
        "command": "attribute @s generic.attack_speed base set 10",
        "permission_level": 4
    },
    "cooldown": 10
}