{
    "name": "Feral Hunter",
    "description": "You have poor vision, but you sense all creatures around you",
    "condition": {
        "type": "origins:exposed_to_sun"
    },
    "type": "origins:action_over_time",
    "interval": 20,
    "entity_action": {
        "type": "origins:apply_effect",
        "effect": {
            "effect": "minecraft:blindness",
            "duration": 60,
            "amplifier": 0,
            "show_particles": false,
            "show_icon": false
        }
    }
}