{
    "name": "Strong hands",
    "description": "You can rip through your enemies with your bare hands.",
    "condition": {
        "type": "origins:equipped_item",
        "equipment_slot": "mainhand",
        "item_condition": {
            "type": "origins:ingredient",
            "ingredient": {
                "item": "minecraft:air"
            }
        }
    },
    "type": "origins:modify_damage_dealt",
    "hide": true,
    "modifier": {
        "value": 3,
        "operation": "addition"
    }
}