{
    "hidden": true,
    "type": "origins:modify_damage_taken",
    "damage_condition": {
        "type": "origins:attacker",
        "entity_condition": {
            "type": "origins:equipped_item",
            "equipment_slot": "mainhand",
            "item_condition": {
                "type": "origins:enchantment",
                "enchantment": "minecraft:smite",
                "comparison": ">=",
                "compare_to": 1
            }
        }
    },
    "modifier": {
        "operation": "multiply_base",
        "value": 1
    }
}