{
	"powers": [
		"witherskeleton:withering",
		"witherskeleton:witherimmune",
		"witherskeleton:nofiredamage",
		"witherskeleton:nodrown",
		"witherskeleton:jointeam",
		"witherskeleton:mobjointeam",
		"witherskeleton:extrareach",
		"witherskeleton:undead",
		"witherskeleton:charred",
		"witherskeleton:lowhealth",
		"witherskeleton:netherspawn",
		"witherskeleton:wolf",
		"witherskeleton:noshield"
	],
	"icon": "minecraft:stone_sword",
	"order": 10,
	"impact": 2,
	"name": "Wither Skeleton",
	"description": "You are a mess of charred bones. How did you get here."
}
