{
    "name": "Pollination",
    "description": "You gain saturation by being near flowers",
    "type":"origins:action_over_time",
    "interval": 5,
    "entity_action":{
        "type": "origins:and",
        "actions": [
            {
                "type":"origins:feed",
                "food": 1,
                "saturation":2
            },
            {
                "type":"origins:feed",
                "food": -1,
                "saturation":-1
            }
        ]
    },
    "condition":{
        "type":"origins:block_in_radius",
        "block_condition":{
            "type": "origins:in_tag",
            "tag": "minecraft:flowers"
        },
        "radius":5,
        "compare_to": 4
    }
}