{
    "impact": 2,
    "unchoosable": false,
    "name": "Timeshifter",
    "description": "You are a Timeshifter, a being from another point in history with the power to manipulate the flow of time. However, time has a history of not being kind to those who tamper where they shouldn't.",
    "icon": "minecraft:clock",
    "powers": [
        "timeorigin:111description1",
        "timeorigin:111description2",
        "timeorigin:111description3",
        "timeorigin:111description4",
        "timeorigin:111description5",
        "timeorigin:111description6",
        "timeorigin:111description7",
        "timeorigin:111description8",
        "timeorigin:recallminor",
        "timeorigin:agedownpermanent",
        "timeorigin:agedown",
        "timeorigin:ageup",
        "timeorigin:timeattackminor",
        "timeorigin:netherstareat",
        "timeorigin:netherstareatres",
        "timeorigin:netherstareatdecay",
        "timeorigin:netherstareatprime",
        "timeorigin:dummysetup1",
        "timeorigin:recall1autosave",
        "timeorigin:recall2autosave",
        "timeorigin:recallmajor",
        "timeorigin:timeattackminorresourcer",
        "timeorigin:timedevice",
        "timeorigin:timefatigueresource",
        "timeorigin:cantpearl",
        "timeorigin:timefatiguelevel1",
        "timeorigin:timefatiguelevel2",
        "timeorigin:timefatiguelevel3",
        "timeorigin:timefatiguelevel4",
        "timeorigin:timefatiguelevel5",
        "timeorigin:timefatiguelevel6",
        "timeorigin:timefatiguelevel7",
        "timeorigin:timefatiguelevel8",
        "timeorigin:timefatiguelevel9",
        "timeorigin:timefatiguelevel10",
        "timeorigin:ageprime",
        "timeorigin:ageprimedecay",
        "timeorigin:ageprimeresource",
        "timeorigin:ageprimesound",
        "timeorigin:falldamageprevent",
        "timeorigin:recallminorfallpreventdecay",
        "timeorigin:recallminorfallpreventresource",
        "timeorigin:health1res",
        "timeorigin:health2res",
        "timeorigin:health3res",
        "timeorigin:health4res",
        "timeorigin:health5res",
        "timeorigin:healthmit",
        "timeorigin:healthsetter",
        "timeorigin:recallmajorprime",
        "timeorigin:recallmajorprimedecay",
        "timeorigin:recallmajorprimeresource",
        "timeorigin:recallmajorprimesounds",
        "timeorigin:timefatiguemessager1",
        "timeorigin:timefatiguemessager2",
        "timeorigin:timefatiguemessager3",
        "timeorigin:timefatiguemessager4",
        "timeorigin:timefatiguemessager5",
        "timeorigin:timefatiguemessager6",
        "timeorigin:timefatiguemessager7",
        "timeorigin:timefatiguemessager8",
        "timeorigin:timefatiguemessager9",
        "timeorigin:timefatiguemessager10",
        "timeorigin:timefatiguemessagercore",
        "timeorigin:totemconsume",
        "timeorigin:autoupdater"
    ]
}