{
	"type":"origins:multiple",
	"dont_heal":{
		"type": "origins:disable_regen"
	},
	"ingot":{
		"type":"origins:active_self",
		"condition":{
            "type": "origins:and",
            "conditions": [
                {
					"type":"origins:equipped_item",
					"equipment_slot":"mainhand",
					"item_condition":{
						"type":"origins:ingredient",
						"ingredient":{
							"item":"minecraft:iron_ingot"
						}
					}
				},
				{
					"type": "origins:health",
					"comparison": "==",
					"compare_to": 30,
					"inverted": true
				}
			]
		},
		"entity_action":{
			"type":"origins:and",
			"actions":[
				{
					"type": "origins:equipped_item_action",
					"equipment_slot": "mainhand",
					"action": {
						"type": "origins:consume",
						"amount": 1
					}
				},
				{
					"type":"origins:delay",
					"ticks":29,
					"action":{
						"type": "origins:heal",
						"amount": 4
					}
				},
				{
					"type":"origins:play_sound",
					"sound": "item.armor.equip_iron"
				}
			]
		},
		"cooldown":30,
		"hud_render":{
			"should_render":true,
			"sprite_location":"origins:textures/gui/community/spiderkolo/resource_bar_01.png",
			"bar_index":9
		},
		"key":{
			"key":"key.use",
			"continuous": true
		}
	},
	"block":{
		"type":"origins:active_self",
		"condition":{
            "type": "origins:and",
            "conditions": [
                {
					"type":"origins:equipped_item",
					"equipment_slot":"mainhand",
					"item_condition":{
						"type":"origins:ingredient",
						"ingredient":{
							"item":"minecraft:block"
						}
					}
				},
				{
					"type": "origins:health",
					"comparison": "==",
					"compare_to": 30,
					"inverted": true
				}
			]
		},
		"entity_action":{
			"type":"origins:and",
			"actions":[
				{
					"type": "origins:equipped_item_action",
					"equipment_slot": "mainhand",
					"action": {
						"type": "origins:consume",
						"amount": 1
					}
				},
				{
					"type":"origins:delay",
					"ticks":9,
					"action":{
						"type": "origins:heal",
						"amount": 4
					}
				},
				{
					"type":"origins:play_sound",
					"sound": "item.armor.equip_iron"
				}
			]
		},
		"cooldown":10,
		"hud_render":{
			"should_render":true,
			"sprite_location":"origins:textures/gui/community/spiderkolo/resource_bar_01.png",
			"bar_index":9
		},
		"key":{
			"key":"key.use",
			"continuous": true
		}
	},
	"name":"Repair",
	"description":"You can not heal normaly, instead you must eat iron to regenerate"
}