{
	"type":"origins:multiple",
	"trigger":{
        "type": "origins:active_self",
        "entity_action": {
            "type": "origins:if_else_list",
            "actions": [
                {
                    "condition": {
                        "type": "origins:and",
                        "conditions": [
                            {
                                "type": "origins:resource",
                                "resource": "robot:overcharge_time",
                                "comparison": "==",
                                "compare_to": 30
                            },
                            {
                                "type":"origins:resource",
                                "resource":"robot:is_overcharging",
                                "comparison":"==",
                                "compare_to": 0
                            }
                        ]
                    },
                    "action": {
                        "type": "origins:and",
                        "actions": [
                            {
                                "type": "origins:change_resource",
                                "resource": "robot:is_overcharging",
                                "change": 1
                            },
                            {
                                "type":"origins:play_sound",
                                "sound": "minecraft:block.note_block.bit",
                                "pitch": 1.9,
                                "volume": 1
                            },
                            {
                                "type":"origins:delay",
                                "ticks":2,
                                "action": {
                                    "type":"origins:play_sound",
                                    "sound": "minecraft:block.note_block.bit",
                                    "pitch": 1.9,
                                    "volume": 1
                                }
                            },
                            {
                                "type":"origins:delay",
                                "ticks":4,
                                "action": {
                                    "type":"origins:play_sound",
                                    "sound": "minecraft:block.note_block.bit",
                                    "pitch": 1.9,
                                    "volume": 1
                                }
                            }
                        ]
                    }
                },
                {
                    "condition": {
                        "type": "origins:resource",
                        "resource": "robot:is_overcharging",
                        "comparison": "==",
                        "compare_to": 1
                    },
                    "action": {
                        "type": "origins:and",
                        "actions": [
                            {
                                "type": "origins:change_resource",
                                "resource": "robot:is_overcharging",
                                "change": -1
                            },
                            {
                                "type":"origins:play_sound",
                                "sound": "minecraft:block.note_block.bit",
                                "pitch": 1.9,
                                "volume": 1
                            },
                            {
                                "type":"origins:delay",
                                "ticks":4,
                                "action": {
                                    "type":"origins:play_sound",
                                    "sound": "minecraft:block.note_block.bit",
                                    "pitch": 1.75,
                                    "volume": 1
                                }
                            }
                        ]
                    }
                },
                {
                    "condition": {
                        "type": "origins:and",
                        "conditions": [
                            {
                                "type": "origins:resource",
                                "resource": "robot:overcharge_time",
                                "comparison": "<",
                                "compare_to": 30
                            },
                            {
                                "type":"origins:resource",
                                "resource":"robot:is_overcharging",
                                "comparison":"==",
                                "compare_to": 0
                            }
                        ]
                    },
                    "action": {
                        "type":"origins:and",
                        "actions":[
                            {
                                "type":"origins:play_sound",
                                "sound": "minecraft:block.note_block.bit",
                                "pitch": 0.5,
                                "volume": 1
                            },
                            {
                                "type":"origins:delay",
                                "ticks":4,
                                "action": {
                                    "type":"origins:play_sound",
                                    "sound": "minecraft:block.note_block.bit",
                                    "pitch": 0.5,
                                    "volume": 1
                                }
                            }
                        ]
                    }
                }
            ]
        },
        "key": {
            "key": "key.origins.secondary_active"
        },
        "cooldown": 1,
        "hud_render": {
            "should_render": false
        }
    },
    "tick":{
        "type": "origins:action_over_time",
        "interval": 20,
        "entity_action": {
            "type": "origins:if_else_list",
            "actions": [
                {
                    "condition": {
                        "type": "origins:and",
                        "conditions": [
                            {
                                "type": "origins:resource",
                                "resource": "robot:overcharge_time",
                                "comparison": ">",
                                "compare_to": 0
                            },
                            {
                                "type":"origins:resource",
                                "resource":"robot:is_overcharging",
                                "comparison":"==",
                                "compare_to":1
                            }
                        ]
                    },
                    "action": {
                        "type": "origins:and",
                        "actions": [
                            {
                                "type": "origins:change_resource",
                                "resource": "robot:overcharge_time",
                                "change": -1
                            }
                        ]
                    }
                },
                {
                    "condition": {
                        "type": "origins:and",
                        "conditions": [
                            {
                                "type": "origins:resource",
                                "resource": "robot:overcharge_time",
                                "comparison": "<",
                                "compare_to": 30
                            },
                            {
                                "type":"origins:resource",
                                "resource":"robot:is_overcharging",
                                "comparison":"==",
                                "compare_to": 0
                            }
                        ]
                    },
                    "action": {
                        "type": "origins:change_resource",
                        "resource": "robot:overcharge_time",
                        "change": 1
                    }
                },  
                {
                    "condition": {
                        "type": "origins:resource",
                        "resource": "robot:overcharge_time",
                        "comparison": "==",
                        "compare_to": 0
                    },
                    "action": {
                        "type": "origins:and",
                        "actions": [ 
                            {
                                "type": "origins:change_resource",
                                "resource": "robot:is_overcharging",
                                "change": -1
                            },
                            {
                                "type":"origins:play_sound",
                                "sound": "minecraft:block.note_block.bit",
                                "pitch": 0.5,
                                "volume": 1
                            },
                            {
                                "type":"origins:delay",
                                "ticks":4,
                                "action": {
                                    "type":"origins:play_sound",
                                    "sound": "minecraft:block.note_block.bit",
                                    "pitch": 0.5,
                                    "volume": 1
                                }
                            }
                        ]
                    }
                }
            ]
        }
    },
    "hidden":true
}