{
  "structures": [
    {
      "structure": "towns_and_towers:pillager_outpost_badlands",
      "weight": 1
    },
    {
      "structure": "towns_and_towers:pillager_outpost_beach",
      "weight": 1
    },
    {
      "structure": "towns_and_towers:pillager_outpost_birch_forest",
      "weight": 1
    },
    {
      "structure": "towns_and_towers:pillager_outpost_desert",
      "weight": 1
    },
    {
      "structure": "towns_and_towers:pillager_outpost_flower_forest",
      "weight": 1
    },
    {
      "structure": "towns_and_towers:pillager_outpost_forest",
      "weight": 1
    },
    {
      "structure": "towns_and_towers:pillager_outpost_grove",
      "weight": 1
    },
    {
      "structure": "towns_and_towers:pillager_outpost_jungle",
      "weight": 1
    },
    {
      "structure": "towns_and_towers:pillager_outpost_meadow",
      "weight": 1
    },
    {
      "structure": "towns_and_towers:pillager_outpost_mushroom_fields",
      "weight": 1
    },
    {
      "structure": "towns_and_towers:pillager_outpost_old_growth_birch_forest",
      "weight": 1
    },
    {
      "structure": "towns_and_towers:pillager_outpost_old_growth_taiga",
      "weight": 1
    },
    {
      "structure": "towns_and_towers:pillager_outpost_savanna",
      "weight": 1
    },
    {
      "structure": "towns_and_towers:pillager_outpost_snowy_beach",
      "weight": 1
    },
    {
      "structure": "towns_and_towers:pillager_outpost_snowy_plains",
      "weight": 1
    },
    {
      "structure": "towns_and_towers:pillager_outpost_snowy_slopes",
      "weight": 1
    },
    {
      "structure": "towns_and_towers:pillager_outpost_snowy_taiga",
      "weight": 1
    },
    {
      "structure": "towns_and_towers:pillager_outpost_sparse_jungle",
      "weight": 1
    },
    {
      "structure": "towns_and_towers:pillager_outpost_sunflower_plains",
      "weight": 1
    },
    {
      "structure": "towns_and_towers:pillager_outpost_swamp",
      "weight": 1
    },
    {
      "structure": "towns_and_towers:pillager_outpost_taiga",
      "weight": 1
    },
    {
      "structure": "towns_and_towers:pillager_outpost_wooded_badlands",
      "weight": 1
    },
    {
      "structure": "towns_and_towers:exclusives/pillager_outpost_mediterranean",
      "weight": 1
    },
    {
      "structure": "towns_and_towers:exclusives/pillager_outpost_tudor",
      "weight": 1
    },
    {
      "structure": "towns_and_towers:exclusives/pillager_outpost_classic",
      "weight": 1
    },
    {
      "structure": "towns_and_towers:exclusives/pillager_outpost_oriental",
      "weight": 1
    },
    {
      "structure": "towns_and_towers:exclusives/pillager_outpost_swedish",
      "weight": 1
    }
  ],
  "placement": {
    "salt": 165745294,
    "spacing": 32,
    "separation": 12,
    "type": "minecraft:random_spread"
  }
}