{
    "name": "Holy magic",
    "description": "They may be gone, but their magic still remains. You take double damage from weapons with smite enchantment",
    "type": "origins:modify_damage_taken",
    "damage_condition": {
        "inverted": false,
        "type": "origins:attacker",
        "entity_condition": {
            "inverted": false,
            "type": "origins:equipped_item",
            "equipment_slot": "mainhand",
            "item_condition": {
                "inverted": false,
                "type": "origins:enchantment",
                "enchantment": "minecraft:smite",
                "comparison": ">=",
                "compare_to": 1
            }
        }
    },
    "modifier": {
        "operation": "multiply_base",
        "value": 1
    }
}