{
    "name": "Forced recovery",
    "description": "(Primary key) Fully regenerate your health at the cost of your hunger bar. This will transform you",
    "type": "origins:active_self",
    "entity_action": {
        "type": "origins:change_resource",
        "resource": "cursed:burgur",
        "change": 1,
        "operation": "add"
    },
    "cooldown": 1200,
    "hud_render": {
        "should_render": true,
        "sprite_location": "origins:textures/gui/community/spiderkolo/resource_bar_01.png",
        "bar_index": 5
    },
    "key": {
        "key": "key.origins.primary_active",
        "continuous": false
    }
}