{
    "type": "origins:damage_over_time",
    "name": "Hydrophobia",
    "description": "Water hurts your body",
    "interval": 10,
    "onset_delay": 1,
    "damage": 3,
    "damage_easy": 2,
    "damage_source": {
        "name": "hurt_by_water",
        "unblockable": true,
        "bypasses_armor": true,
        "fire": false,
        "magic": false,
        "out_of_world": false
    },
    "protection_enchantment": "origins:water_protection",
    "protection_effectiveness": 1,
    "condition": {
        "type": "origins:or",
        "conditions": [
            {
                "type": "origins:fluid_height",
                "fluid": "minecraft:water",
                "comparison": ">",
                "compare_to": 0,
                "inverted": false
            },
            {
                "type": "origins:in_rain",
                "inverted": false
            }
        ],
        "inverted": false
    }
}