{
    "type": "origins:action_over_time",
    "entity_action": {
        "type": "origins:and",
        "actions": [
            {
                "type": "origins:execute_command",
                "command": "origin set @s origins:origin cursed:cursed_human",
                "permission_level": 4
            },
            {
                "type": "origins:execute_command",
                "command": "playsound minecraft:entity.elder_guardian.hurt ambient @a[distance=...20] ~ ~ ~ 1 0.5",
                "permission_level": 4
            }
        ]
    },
    "interval": 20,
    "condition": {
        "type": "origins:resource",
        "resource": "cursed:back",
        "comparison": "==",
        "compare_to": 1,
        "inverted": false
    },
    "hidden": true
}