{
    "name": "Curse saturation",
    "description": "Once you've sated some of your hunger, after 1 minute, you'll return to your human form",
    "condition": {
        "inverted": true,
        "type": "origins:food_level",
        "comparison": "==",
        "compare_to": 0
    },
    "type": "origins:action_over_time",
    "interval": 10,
    "entity_action": {
        "type": "origins:delay",
        "action": {
            "type": "origins:change_resource",
            "resource": "cursed:back",
            "change": 1,
            "operation": "add"
        },
        "ticks": 1200
    }
}