{
    "hidden": true,
    "type": "origins:action_over_time",
    "entity_action": {
        "type": "origins:and",
        "actions": [
            {
                "type": "origins:execute_command",
                "command": "scale set pehkui:base 1",
                "permission_level": 4
            },
            {
                "type": "origins:execute_command",
                "command": "scale delay set 0",
                "permission_level": 4
            }
        ]
    },
    "interval": 1
}