{
    "name": "Quick Shadow",
    "description": "You are quicker in the dark.",
    "condition": {
        "inverted": true,
        "type": "origins:exposed_to_sun"
    },
    "type": "origins:action_over_time",
    "interval": 20,
    "entity_action": {
        "type": "origins:apply_effect",
        "effect": {
            "effect": "minecraft:speed",
            "duration": 60,
            "amplifier": 0,
            "is_ambient": true,
            "show_particles": false,
            "show_icon": true
        }
    }
}