{
    "type": "origins:action_over_time",
    "entity_action": {
        "type": "origins:and",
        "actions": [
            {
                "type": "origins:apply_effect",
                "effect": {
                    "effect": "minecraft:instant_health",
                    "amplifier": 69,
                    "duration": 30,
                    "show_particles": false,
                    "show_icon": false,
                    "is_ambient": false
                }
            },
            {
                "type": "origins:apply_effect",
                "effect": {
                    "effect": "minecraft:slowness",
                    "amplifier": 5,
                    "duration": 30,
                    "show_particles": false,
                    "show_icon": false,
                    "is_ambient": false
                }
            },
            {
                "type": "origins:apply_effect",
                "effect": {
                    "effect": "minecraft:hunger",
                    "amplifier": 250,
                    "duration": 30,
                    "show_particles": false,
                    "show_icon": false,
                    "is_ambient": false
                }
            }
        ]
    },
    "interval": 20,
    "condition": {
        "type": "origins:resource",
        "resource": "cursed:burgur",
        "comparison": "==",
        "compare_to": 1,
        "inverted": false
    },
    "hidden": true
}