{
    "type": "origins:action_over_time",
    "entity_action": {
        "type": "origins:and",
        "actions": [
            {
                "type": "origins:execute_command",
                "command": "origin set @s origins:origin cursed:abomination",
                "permission_level": 4
            },
            {
                "type": "origins:execute_command",
                "command": "playsound minecraft:entity.elder_guardian.death ambient @a[distance=...20] ~ ~ ~ 1 0.5",
                "permission_level": 4
            }
        ]
    },
    "interval": 10,
    "condition": {
        "type": "origins:food_level",
        "comparison": "==",
        "compare_to": 0,
        "inverted": false
    },
    "name": "Transformation",
    "description": "When your hunger bar reaches 0, you automatically transform into Abomination"
}