{
    "display": {
        "icon": {
            "item": "minecraft:diamond_sword",
            "nbt": "{Enchantments:[{}],CustomModelData:16002}"
        },
        "title": "Knightly Sword",
        "description": "Obtain the Knightly Sword by crafting on Monolith",
        "frame": "task",
        "show_toast": true,
        "announce_to_chat": true,
        "hidden": false
    },
    "parent": "dnl:story/structures/plains_castle/knightly_sword_fragment",
    "criteria": {
        "knightly_sword": {
            "trigger": "minecraft:inventory_changed",
            "conditions": {
                "items": [
                    {
                        "items": [
                            "minecraft:diamond_sword"
                        ],
                        "nbt": "{dnl.knightly_sword:1b}"
                    }
                ]
            }
        }
    },
    "requirements": [
        [
            "knightly_sword"
        ]
    ]
}