{
    "name": "Abomination",
    "description": "You finally feel free.",
    "powers": [
        "cursed:rev_transformation",
        "cursed:rev_transforming",
        "cursed:feast_kill",
        "cursed:feast",
        "cursed:beasts_body",
        "cursed:blindness",
        "cursed:hunting_instinct",
        "cursed:no_appetite",
        "cursed:strength",
        "cursed:speed",
        "cursed:back",
        "cursed:nobow",
        "cursed:nocrossbow",
        "cursed:notrident",
        "cursed:noshield",
        "cursed:no_water",
        "cursed:bad_smite",
        "cursed:pyrophobia",
        "cursed:darker",
        "cursed:size_bigger",
        "cursed:size2"
    ],
    "icon": {
        "item": "minecraft:ancient_debris",
        "amount": 1
    },
    "unchoosable": true,
    "order": 70,
    "impact": 3
}