{
    "name": "Cursed human",
    "description": "After touching an ancient relic, your body changed. You feel like something is tearing you apart from inside. You don't know how much longer you'll be able to hold it off.",
    "powers": [
        "cursed:transformation",
        "cursed:transforming",
        "cursed:forced_transformation",
        "cursed:humans_body",
        "cursed:neverending_hunger",
        "cursed:diet",
        "cursed:ftc",
        "cursed:ftc2",
        "cursed:nobow",
        "cursed:nocrossbow",
        "cursed:notrident",
        "cursed:noshield",
        "cursed:burgur",
        "cursed:weakness",
        "cursed:weakening_sun",
        "cursed:weakening_sun2",
        "cursed:size_normal",
        "cursed:size2",
        "cursed:diet_saturation",
        "cursed:speed_normal"
    ],
    "icon": {
        "item": "minecraft:gilded_blackstone",
        "amount": 1
    },
    "order": 100,
    "impact": 3
}