{
	"powers": [
		"pumpkin:exposed",
		"pumpkin:uninhibited",
		"pumpkin:combustible",
		"pumpkin:vine_like_limbs",
		"pumpkin:no_mouth",
		"pumpkin:exhaustion",
		"pumpkin:shears",
		"pumpkin:sleep_eater",
		"pumpkin:symbiotic",
		"pumpkin:breath",
		"pumpkin:unbroken_manager",
		"pumpkin:unbroken_effects",
		"pumpkin:bar",
		"pumpkin:shears",
		"pumpkin:week_to_effects",
		"pumpkin:fall_leaves_speed"
	],
	"icon": "minecraft:pumpkin",
	"order": 10,
	"impact": 0,
	"name": "pumpkin vine",
	"description": "you are a vine like creature that lives inside a pumpkin"
}