{
  "name": "kaisyn:village/exclusives/mediterranean/streets/promenade",
  "fallback": "kaisyn:village/exclusives/mediterranean/terminators/promenade",
  "elements": [
    {
      "weight": 3,
      "element": {
        "element_type": "minecraft:legacy_single_pool_element",
        "projection": "terrain_matching",
        "location": "kaisyn:village/exclusives/mediterranean/streets/promenade/promenade_01",
        "processors": "kaisyn:street_mediterranean"
      }
    },
    {
      "weight": 1,
      "element": {
        "element_type": "minecraft:legacy_single_pool_element",
        "projection": "terrain_matching",
        "location": "kaisyn:village/exclusives/mediterranean/streets/promenade/promenade_02",
        "processors": "kaisyn:street_mediterranean"
      }
    },
    {
      "weight": 1,
      "element": {
        "element_type": "minecraft:legacy_single_pool_element",
        "projection": "terrain_matching",
        "location": "kaisyn:village/exclusives/mediterranean/streets/promenade/promenade_03",
        "processors": "kaisyn:street_mediterranean"
      }
    }
  ]
}
