{
	"type":"origins:multiple",
	"fast":{
		"type": "origins:conditioned_attribute",
		"modifier": {
			"attribute": "minecraft:generic.movement_speed",
			"operation": "multiply_total",
			"value": 3
		},
		"tick_rate": 1,
		"condition":{
			"type":"origins:resource",
			"resource":"voidling:dash_trigger",
			"comparison":">",
			"compare_to":550
		}
	},
	"vunerable":{
		"type": "origins:modify_damage_taken",
		"modifier": {
			"operation": "addition",
			"value": 30
		},
		"condition":{
			"type":"origins:resource",
			"resource":"voidling:dash_trigger",
			"comparison":">",
			"compare_to":540
		}
	},
	"trigger":{
		"type":"origins:active_self",
		"entity_action": {
			"type": "origins:add_velocity",
			"space": "local",
			"z": 1
		},
		"cooldown":600,
		"hud_render":{
			"sprite_location":"origins:textures/gui/community/spiderkolo/resource_bar_03.png",
			"bar_index":23
		}
	},
    "name":"Unstable dash",
    "description":"You have a powerful dash, but if you get hit while youre dashing you instantly die"
}