{
    "type": "origins:stacking_status_effect",
    "min_stacks": -5,
    "max_stacks": 5,
    "duration_per_stack": 20,
    "effects": [
        {
            "effect": "minecraft:weakness",
            "is_ambient": true,
            "show_particles": false,
            "show_icon": true
        },
        {
            "effect": "minecraft:slowness",
            "is_ambient": true,
            "show_particles": false,
            "show_icon": true
        }
    ],
    "condition": {
        "type": "origins:exposed_to_sun"
    },
    "name":"Weak in sunlight",
    "description":"You get weakness and slowness while in sunlight"
}