{
  "name": "dnl:structures/olympus/maze/branched_path",
  "fallback": "dnl:structures/olympus/maze/end_path",
  "elements": [
    {
      "weight": 1,
      "element": {
        "element_type": "minecraft:single_pool_element",
        "projection": "rigid",
        "location": "dnl:olympus/maze/main_path/c",
        "processors": "dnl:structures/olympus/path_age"
      }
    },
    {
      "weight": 3,
      "element": {
        "element_type": "minecraft:single_pool_element",
        "projection": "rigid",
        "location": "dnl:olympus/maze/main_path/ll",
        "processors": "dnl:structures/olympus/path_age"
      }
    },
    {
      "weight": 3,
      "element": {
        "element_type": "minecraft:single_pool_element",
        "projection": "rigid",
        "location": "dnl:olympus/maze/main_path/lr",
        "processors": "dnl:structures/olympus/path_age"
      }
    },
    {
      "weight": 3,
      "element": {
        "element_type": "minecraft:single_pool_element",
        "projection": "rigid",
        "location": "dnl:olympus/maze/main_path/s",
        "processors": "dnl:structures/olympus/path_age"
      }
    },
    {
      "weight": 2,
      "element": {
        "element_type": "minecraft:single_pool_element",
        "projection": "rigid",
        "location": "dnl:olympus/maze/main_path/tb",
        "processors": "dnl:structures/olympus/path_age"
      }
    },
    {
      "weight": 2,
      "element": {
        "element_type": "minecraft:single_pool_element",
        "projection": "rigid",
        "location": "dnl:olympus/maze/main_path/tl",
        "processors": "dnl:structures/olympus/path_age"
      }
    },
    {
      "weight": 2,
      "element": {
        "element_type": "minecraft:single_pool_element",
        "projection": "rigid",
        "location": "dnl:olympus/maze/main_path/tr",
        "processors": "dnl:structures/olympus/path_age"
      }
    },
    {
      "weight": 3,
      "element": {
        "element_type": "minecraft:single_pool_element",
        "projection": "rigid",
        "location": "dnl:olympus/maze/rooms/mine_c",
        "processors": "dnl:structures/olympus/path_age"
      }
    },
    {
      "weight": 3,
      "element": {
        "element_type": "minecraft:single_pool_element",
        "projection": "rigid",
        "location": "dnl:olympus/maze/rooms/mine_l",
        "processors": "dnl:structures/olympus/path_age"
      }
    },
    {
      "weight": 3,
      "element": {
        "element_type": "minecraft:single_pool_element",
        "projection": "rigid",
        "location": "dnl:olympus/maze/rooms/mine_s",
        "processors": "dnl:structures/olympus/path_age"
      }
    },
    {
      "weight": 3,
      "element": {
        "element_type": "minecraft:single_pool_element",
        "projection": "rigid",
        "location": "dnl:olympus/maze/rooms/mine_t",
        "processors": "dnl:structures/olympus/path_age"
      }
    },
    {
      "weight": 7,
      "element": {
        "element_type": "minecraft:single_pool_element",
        "projection": "rigid",
        "location": "dnl:olympus/maze/rooms/pillar",
        "processors": "dnl:structures/olympus/path_age"
      }
    },
    {
      "weight": 7,
      "element": {
        "element_type": "minecraft:single_pool_element",
        "projection": "rigid",
        "location": "dnl:olympus/maze/rooms/pit",
        "processors": {
          "processors": [
            {
              "processor_type": "minecraft:rule",
              "rules": [
                {
                  "location_predicate": {
                    "predicate_type": "minecraft:always_true"
                  },
                  "input_predicate": {
                    "predicate_type": "minecraft:random_block_match",
                    "block": "minecraft:stone",
                    "probability": 0.03
                  },
                  "output_state": {
                    "Name": "minecraft:diamond_ore"
                  }
                }
              ]
            }
          ]
        }
      }
    }
  ]
}
