{
    "name": "Cursed",
    "description": "A long forgotten beast born from desperation has come back with a ravaging hunger, it will seek out any living thing that it could consume, just hoping to finally be full.",
    "powers": [
        "myths:strength",
        "myths:hunting_instinct",
        "myths:feral_hunter",
        "myths:darker",
        "origins:carnivore",
        "origins:natural_armor",
        "origins:cat_vision",
        "myths:hunger",
        "origins:fragile",
        "myths:iron_gut",
        "myths:raw_diet",
        "myths:swift",
        "myths:heat_weakness",
        "myths:freehand",
        "myths:forests_min",
        "myths:feeding",
        "myths:feeding_",
        "myths:weak_body",
        "origins:no_shield",
        "myths:nobow",
        "myths:smite",
        "myths:nocrossbow",
        "myths:attack_stop",
        "myths:unstoppable",
        "myths:faster_attacks",
        "myths:abnormal_height"
    ],
    "icon": {
        "item": "minecraft:ancient_debris",
        "amount": 1
    },
    "order": 10,
    "impact": 3
}