{
    "type": "origins:action_on_item_use",
    "entity_action": {
        "type": "origins:apply_effect",
        "effect": {
            "is_ambient": false,
            "show_particles": false,
            "show_icon": true,
            "effect": "minecraft:resistance",
            "duration": 1200
        }
    },
    "item_condition": {
        "type": "origins:ingredient",
        "inverted": false,
        "ingredient": {
            "item": "minecraft:milk_bucket"
        }
    },
	"name": "Milk-Lover",
    "description": "Drinking milk gives you resistance for 60 seconds. Credit to Dan's Other Clone."
}