{
    "type": "origins:multiple",
    "hidden": true,
    "name": "credit to dan's other clone, tysm mate",
    "loading_priority": 1,
    "cancelonhit": {
        "type": "origins:self_action_on_hit",
        "cooldown": 10,
        "entity_action": {
            "type": "origins:clear_effect",
            "effect": "minecraft:speed"
        },
        "condition": {
            "type": "origins:status_effect",
            "inverted": false,
            "effect": "minecraft:speed",
            "min_amplifier": 1,
            "max_amplifier": 2
        },
        "hud_render": {
            "should_render": false,
            "sprite_location": "origins:textures/gui/resource_bar.png",
            "bar_index": 1
        },
        "loading_priority": 1
    },
    "cancelwhenhit": {
        "type": "origins:self_action_when_hit",
        "name": "hitcancel2",
        "cooldown": 10,
        "entity_action": {
            "type": "origins:clear_effect",
            "effect": "minecraft:speed"
        },
        "condition": {
            "type": "origins:status_effect",
            "inverted": false,
            "effect": "minecraft:speed",
            "min_amplifier": 1,
            "max_amplifier": 2
        },
        "hud_render": {
            "should_render": false,
            "sprite_location": "origins:textures/gui/resource_bar.png",
            "bar_index": 1
        },
        "loading_priority": 1
    }
}