{
    "type": "origins:active_self",
    "name": "Sneaky Escape",
    "description": "Activate lower visibility and a speedboost, but attacking or taking damage will cancel the effects. Credit to Dan's Other Clone.",
    "cooldown": 800,
    "hud_render": {
        "should_render": true,
        "sprite_location": "origins:textures/gui/community/spiderkolo/resource_bar_03.png",
        "bar_index": 2
    },
    "entity_action": {
        "type": "origins:apply_effect",
        "effect": {
            "duration": 200,
            "is_ambient": false,
            "show_particles": false,
            "show_icon": false,
            "effect": "minecraft:speed",
            "amplifier": 0.5
        }
    },
    "hidden": false
}