{
    "type": "origins:modify_break_speed",
    "modifier": {
        "operation": "multiply_base",
        "value": -0.8
    },
    "block_condition": {
        "type": "origins:and",
        "inverted": false,
        "conditions": [
            {
                "type": "origins:in_tag",
                "inverted": false,
                "tag": "origins:natural_stone"
            },
            {
                "type": "origins:adjacent",
                "inverted": false,
                "comparison": ">",
                "compare_to": 2,
                "adjacent_condition": {
                    "type": "origins:in_tag",
                    "inverted": false,
                    "tag": "origins:natural_stone"
                }
            }
        ]
    },
    "hidden": false,
    "condition": {
        "type": "origins:status_effect",
        "inverted": true,
        "effect": "minecraft:resistance"
    },
	"name": "Weak Arms",
	"description": "You can't mine natural stone when there are two adjacent natural stones unless you drink milk or a strength potion."
}