{
  "name": "kaisyn:village/exclusives/tudor/terminators",
  "fallback": "minecraft:empty",
  "elements": [
    {
      "weight": 1,
      "element": {
        "element_type": "minecraft:legacy_single_pool_element",
        "projection": "terrain_matching",
        "location": "kaisyn:village/exclusives/tudor/terminators/end_1",
        "processors": "kaisyn:street_tudor"
      }
    },
    {
      "weight": 1,
      "element": {
        "element_type": "minecraft:legacy_single_pool_element",
        "projection": "terrain_matching",
        "location": "kaisyn:village/exclusives/tudor/terminators/end_2",
        "processors": "kaisyn:street_tudor"
      }
    }
  ]
}
