{
    "name": "Ground Slam",
    "description": "if you slam into the ground from a certain height, entities around you get sent up into the air.",
    "type": "origins:action_on_land",
    "entity_action": {
        "type": "origins:and",
        "actions": [
            {
                "type": "origins:execute_command",
                "command": "execute as @e[distance=..10] run data merge entity @s {Motion:[0.0,1.0,0.0]}"
            },
            {
                "type": "origins:play_sound",
                "sound": "entity.generic.explode",
                "volume": 1,
                "pitch": 1
            }
        ]
    },
    "condition": {
        "type": "origins:fall_distance",
        "comparison": ">=",
        "compare_to": 20
    }
}