{
    "hidden": true,
    "type": "origins:multiple",
    "tick": {
        "type": "origins:action_over_time",
        "interval": 20,
        "entity_action": {
            "type": "origins:execute_command",
            "command": "power revoke @s satyr:passenger"
        },
        "condition":{
            "type": "origins:riding",
            "bientity_condition": {
                "type": "origins:target_condition",
                "condition": {
                    "type": "origins:power",
                    "power": "satyr:piggie_back"
                }
            },
            "inverted": true
        }
    },
    "fall_damage": {
        "type": "origins:modify_damage_taken",
        "damage_condition": {
            "type": "origins:name",
            "name": "fall"
        },
        "modifier": {
            "operation": "multiply_total",
            "value": -1
        }
    }
}