{
    "name": "piggie back",
    "description": "people can ride you",
    "type": "origins:multiple",
    "mount": {
        "type": "origins:action_on_being_used",
        "bientity_action": {
            "type": "origins:mount"
        }
    },
    "passenger": {
        "type": "origins:action_over_time",
        "interval": 20,
        "entity_action": {
            "type": "origins:passenger_action",
            "recursive": false,
            "action": {
                "type": "origins:execute_command",
                "command": "power grant @s satyr:passenger"
            }
        }
    }
}