{
  "type": "origins:active_self",
  "key": {
    "key": "key.origins.primary_active"
  },
  "entity_action": {
    "type": "origins:spawn_effect_cloud",
    "radius": 8.0,
    "effect": {
      "effect": "minecraft:poison",
      "amplifier": 1,
      "duration": 600
    }
  },
  "cooldown": 600,
  "hud_render": {
    "sprite_location": "origins:textures/gui/community/spiderkolo/resource_bar_01.png",
    "bar_index": "8"
  },
  "name": "Poison Gas",
  "description": "Your poisonous fungi can amite a poison gas that will last for a short amount of time."
}