{
	"powers": [
		"underborn:effect_immunity",
		"underborn:fire_more_damage",
		"underborn:fire",
		"underborn:hydrophobia",
		"underborn:ignited_effects",
		"underborn:ignited_hunger",
		"underborn:ignited_particles",
		"underborn:ignited",
		"underborn:less_hunger",
		"underborn:nether_spawn",
		"underborn:particles",
		"underborn:prevent_sleep",
		"underborn:snowball",
		"underborn:weakness"
	],
	"icon": "minecraft:fire_charge",
	"order": 10,
	"impact": 0,
	"name": "Underworlds reborn",
	"description": "King of the forest"
}