{
    "name": "short",
    "description": "You are one and a half blocks tall",
    "type": "origins:action_on_callback",
    "entity_action_chosen": {
      "type": "origins:and",
      "actions": [
            {
                "type": "origins:execute_command",
                "command": "scale set pehkui:height 0.75"
            },
            {
                "type": "origins:execute_command",
                "command": "scale set pehkui:width 0.75"
            },
            {
                "type": "origins:execute_command",
                "command": "scale set pehkui:view_bobbing 0.75"
            },
            {
                "type": "origins:execute_command",
                "command": "scale set pehkui:step_height 0.75"
            }
        ]
    },
    "entity_action_added": {
      "type": "origins:and",
      "actions": [
            {
                "type": "origins:execute_command",
                "command": "scale set pehkui:height 0.75"
            },
            {
                "type": "origins:execute_command",
                "command": "scale set pehkui:width 0.75"
            },
            {
                "type": "origins:execute_command",
                "command": "scale set pehkui:view_bobbing 0.75"
            },
            {
                "type": "origins:execute_command",
                "command": "scale set pehkui:step_height 0.75"
            }
        ]
    },
    "entity_action_lost": {
      "type": "origins:execute_command",
      "command": "scale reset"
    },
    "entity_action_removed": {
      "type": "origins:execute_command",
      "command": "scale reset"
    },
    "entity_action_respawned": {
      "type": "origins:and",
      "actions": [
            {
                "type": "origins:execute_command",
                "command": "scale set pehkui:height 0.75"
            },
            {
                "type": "origins:execute_command",
                "command": "scale set pehkui:width 0.75"
            },
            {
                "type": "origins:execute_command",
                "command": "scale set pehkui:view_bobbing 0.75"
            },
            {
                "type": "origins:execute_command",
                "command": "scale set pehkui:step_height 0.75"
            }
        ]
    }
}