{
	"powers": [

		"beetle:smol",
		"beetle:climb",
		"beetle:luck",
		"beetle:horn1",
		"beetle:horn2",
		"beetle:elytra",
		"beetle:takeoff",
		"beetle:night1",
		"beetle:night2",
		"beetle:unwieldy",
		"beetle:no_helmet",
		"beetle:fire",
		"origins:elytra",
		"origins:fall_immunity",
		"origins:fragile",
		"origins:strong_arms",
		"origins:strong_arms_break_speed",
		"origins:vegetarian",
		"origins:natural_armor",
		"origins:aqua_affinity",
		"beetle:air",
		"origins:swim_speed"

	],
	"icon": "minecraft:black_dye",
	"order": 6,
	"impact": 2,
	"name": "Beetle",
	"description": "Ever wanted to be a beetle?"
}
