{
    "name": "fight",
    "description": "double tap space to slowly bumble around. If you get your wings wet or take damage you'll fall out of the sky.",
    "hidden": false,
    "type": "origins:multiple",
    "cooldown":{
        "type": "origins:resource",
        "start_value": 0,
        "min": 0,
        "max": 20,
        "hud_render": {
            "should_render": true,
            "sprite_location": "toomanyorigins:textures/gui/tmo_resource_bar.png",
            "bar_index": 9,
            "condition": {
                "type": "origins:resource",
                "resource": "pbee:fly_cooldown",
                "comparison": ">",
                "compare_to": 0
            }
        }
    },
    "tick":{
        "type": "origins:action_over_time",
        "interval": 10,
        "entity_action": {
            "type": "origins:if_else",
            "if_action": {
                "type": "origins:change_resource",
                "resource": "pbee:fly_cooldown",
                "change": 1
            },
            "else_action": {
                "type": "origins:change_resource",
                "resource": "pbee:fly_cooldown",
                "change": -1
            },
            "condition": {
                "type": "origins:or",
                "conditions": [
                    {
                        "type": "origins:in_rain"
                    },
                    {
                        "type": "origins:fluid_height",
                        "fluid": "minecraft:water",
                        "comparison": ">",
                        "compare_to": 0
                    }
                ]
            }
        }
    },
    "flight": {
        "type": "origins:creative_flight",
        "condition": {
            "type": "origins:resource",
            "resource": "*:*_cooldown",
            "comparison": "==",
            "compare_to": 0
        }
    },
    "safe_landing": {
        "type": "origins:invulnerability",
        "damage_condition": {
            "type": "origins:name",
            "name": "fall"
        },
        "condition": {
            "type": "origins:resource",
            "resource": "*:*_cooldown",
            "comparison": "==",
            "compare_to": 0
        }
    },
    "speed": {
        "type": "origins:modify_air_speed",
        "modifier": {
            "operation": "multiply_total",
            "value": -0.7
        },
        "condition": {
            "type": "origins:and",
            "conditions": [
                {
                    "type": "origins:creative_flying"
                },
                {
                    "type": "origins:gamemode",
                    "gamemode": "creative",
                    "inverted": true
                }
            ]
        }
    },
    "aerial_affinity": {
        "type": "apugli:aerial_affinity"
    },
    "hurt_wings":{
        "type": "origins:self_action_when_hit",
        "cooldown": 0,
        "entity_action": {
            "type": "origins:change_resource",
            "operation": "set",
            "resource": "*:*_cooldown",
            "change": 20
        },
        "damage_condition": {
            "type": "origins:attacker",
            "entity_condition": {
                "type": "origins:exists"
            }
        },
        "hud_render": {"should_render": false}
    }
}