{
  "name": "pollination",
  "description": "The bone meal you place has pollen infused. It also effect the 4 adjacest blocks. (sneak to dissable)",
  "type": "toomanyorigins:action_on_bonemeal",
  "block_action": {
    "type": "origins:and",
    "actions": [
      {
        "type": "origins:offset",
        "action": {
          "type": "origins:bonemeal"
        },
        "x": 1
      },
      {
        "type": "origins:offset",
        "action": {
          "type": "origins:bonemeal"
        },
        "x": -1
      },
      {
        "type": "origins:offset",
        "action": {
          "type": "origins:bonemeal"
        },
        "z": 1
      },
      {
        "type": "origins:offset",
        "action": {
          "type": "origins:bonemeal"
        },
        "z": -1
      }
    ]
  },
  "condition": {
    "type": "origins:sneaking",
    "inverted": true
  }
}