{
    "name": "sweat tooth",
    "description": "You can only eat sweats. If it contains honey it is better food then normal.",
    "hidden": false,
    "type": "origins:multiple",
    "honey":{
        "type": "origins:modify_food",
        "item_condition": {
            "type": "origins:ingredient",
            "ingredient": {
                "tag": "pbee:has_honey"
            }
        },
        "food_modifier": {
            "operation": "addition",
            "value": 2
        },
        "saturation_modifier": {
            "operation": "addition",
            "value": 0.7
        }
    },
    "prevent_other":{
        "type": "origins:prevent_item_use",
        "item_condition": {
            "type": "origins:and",
            "conditions": [
                {
                    "type": "origins:ingredient",
                    "ingredient": {
                        "tag": "pbee:bee_food"
                    },
                    "inverted": true
                },
                {
                    "type": "origins:food"
                }
            ]
        }
    }
}