{
    "display": {
        "icon": {
            "item": "minecraft:moss_block"
        },
        "title": "Hidden Deep",
        "description": "Reveal the hidden structures",
        "frame": "task",
        "show_toast": true,
        "announce_to_chat": true,
        "hidden": false
    },
    "parent": "dnl:story/general/locate_dungeon",
    "criteria": {
        "locate_slime_sinkhole": {
            "trigger": "minecraft:location",
            "conditions": {
                "location": {
                    "feature": "dnl:sinkhole"
                }
            }
        },
        "locate_deep_oasis": {
            "trigger": "minecraft:location",
            "conditions": {
                "location": {
                    "feature": "dnl:deep_oasis"
                }
            }
        },
        "locate_crawlers_lair": {
            "trigger": "minecraft:location",
            "conditions": {
                "location": {
                    "feature": "dnl:crawlers_lair"
                }
            }
        }
    },
    "requirements": [
        [
            "locate_slime_sinkhole",
            "locate_deep_oasis",
            "locate_crawlers_lair"
        ]
    ]
}