{
	"key": {
        "key": "key.attack",
        "continuous": true
    },
    "type": "origins:active_self",
    "cooldown": 20,
    "hud_render": {
        "should_render": true,
		"sprite_location": "origins:textures/gui/community/spiderkolo/resource_bar_02.png",
		"bar_index": 22
    },
    "condition": {
        "type": "origins:and",
        "conditions": [
            {
                "type": "origins:equipped_item",
                "equipment_slot": "mainhand",
                "item_condition": {
                    "type": "origins:ingredient",
                    "ingredient": {
                        "item": "minecraft:wheat_seeds"
                    }
                }
            },
            {
                "type": "origins:food_level",
                "comparison": "<",
                "compare_to": 20
            }
        ]
    },
    "entity_action": {
        "type": "origins:and",
        "actions": [
            {
                "type": "origins:execute_command",
                "command": "clear @s wheat_seeds 1"
            },
            {
                "type": "origins:feed",
                "food": 1,
                "saturation": 0.6
            },
            {
                "type": "origins:execute_command",
                "command": "playsound minecraft:entity.parrot.eat player @s ~ ~ ~ 1 1"
            }
        ]
    },
    "hidden": true
}
