{
  "type": "origins:active_self",
    "entity_action": {
      "type": "origins:and",
      "actions": [
        {
	    "type": "origins:execute_command",
	    "command": "particle minecraft:white_ash ~ ~ ~ 0.5 0 0.5 0.2 20 normal",
        "permission_level": 4
        },
        {    
	    "type": "origins:execute_command",
	    "command": "playsound minecraft:entity.parrot.fly master @a[distance=0..10] ~ ~ ~ 0.6 1",
        "permission_level": 4
        },
		{
		"type": "origins:add_velocity",
		"z": 0.7,
		"space": "local"
		},
		{
		"type": "origins:add_velocity",
		"y": 1
		},
		{
		"type": "origins:exhaust",
        "amount": 0.6
		},
		{
		"type": "origins:change_resource",
        "resource": "*:energy_resource",
        "change": -5
		}
      ]
    },
	"condition": {
            "type": "origins:resource",
            "resource": "*:energy_resource",
            "comparison": ">=",
            "compare_to": 5
    },
	"name": "Winged",
	"description": "You have wings and can flap by using your primary key.",
    "key": {
        "key": "key.origins.primary_active",
        "continuous": false
    },
	"cooldown": 10,
    "hud_render": {
      "should_render": true,
      "sprite_location": "origins:textures/gui/community/spiderkolo/resource_bar_03.png",
      "bar_index": 16
		}
}