{
	"name": "Hotbar Select",
	"description": "Each hotbar slot is linked to a different sound. Press the secondary ability key to mimic a sound.",
	
	"type": "origins:multiple",
	
	"one_selected": {
		"type": "origins:action_over_time",
		"interval": 1,
		"rising_action": {
			"type": "origins:and",
			"actions": [
				{
					"type": "origins:execute_command",
					"command": "title @s actionbar {\"text\":\"Parrot\",\"color\":\"aqua\"}",
					"permission_level": 2
				}
			]
		},
		"condition": {
			"type": "origins:and",
			"conditions": [
				{
					"type": "origins:command",
					"command": "data get entity @s SelectedItemSlot",
					"comparison": "==",
					"compare_to": 0
				}
			]
		}
	},
	
	"two_selected": {
		"type": "origins:action_over_time",
		"interval": 1,
		"rising_action": {
			"type": "origins:and",
			"actions": [
				{
					"type": "origins:execute_command",
					"command": "title @s actionbar {\"text\":\"Zombie\",\"color\":\"dark_green\"}",
					"permission_level": 2
				}
			]
		},
		"condition": {
			"type": "origins:and",
			"conditions": [
				{
					"type": "origins:command",
					"command": "data get entity @s SelectedItemSlot",
					"comparison": "==",
					"compare_to": 1
				}
			]
		}
	},
	
	"three_selected": {
		"type": "origins:action_over_time",
		"interval": 1,
		"rising_action": {
			"type": "origins:and",
			"actions": [
				{
					"type": "origins:execute_command",
					"command": "title @s actionbar {\"text\":\"Skeleton\",\"color\":\"gray\"}",
					"permission_level": 2
				}
			]
		},
		"condition": {
			"type": "origins:and",
			"conditions": [
				{
					"type": "origins:command",
					"command": "data get entity @s SelectedItemSlot",
					"comparison": "==",
					"compare_to": 2
				}
			]
		}
	},
	
	"four_selected": {
		"type": "origins:action_over_time",
		"interval": 1,
		"rising_action": {
			"type": "origins:and",
			"actions": [
				{
					"type": "origins:execute_command",
					"command": "title @s actionbar {\"text\":\"Spider\",\"color\":\"dark_red\"}",
					"permission_level": 2
				}
			]
		},
		"condition": {
			"type": "origins:and",
			"conditions": [
				{
					"type": "origins:command",
					"command": "data get entity @s SelectedItemSlot",
					"comparison": "==",
					"compare_to": 3
				}
			]
		}
	},
	
	"five_selected": {
		"type": "origins:action_over_time",
		"interval": 1,
		"rising_action": {
			"type": "origins:and",
			"actions": [
				{
					"type": "origins:execute_command",
					"command": "title @s actionbar {\"text\":\"Creeper\",\"color\":\"green\"}",
					"permission_level": 2
				}
			]
		},
		"condition": {
			"type": "origins:and",
			"conditions": [
				{
					"type": "origins:command",
					"command": "data get entity @s SelectedItemSlot",
					"comparison": "==",
					"compare_to": 4
				}
			]
		}
	},
	
	"six_selected": {
		"type": "origins:action_over_time",
		"interval": 1,
		"rising_action": {
			"type": "origins:and",
			"actions": [
				{
					"type": "origins:execute_command",
					"command": "title @s actionbar {\"text\":\"Blaze\",\"color\":\"gold\"}",
					"permission_level": 2
				}
			]
		},
		"condition": {
			"type": "origins:and",
			"conditions": [
				{
					"type": "origins:command",
					"command": "data get entity @s SelectedItemSlot",
					"comparison": "==",
					"compare_to": 5
				}
			]
		}
	},
	
	"seven_selected": {
		"type": "origins:action_over_time",
		"interval": 1,
		"rising_action": {
			"type": "origins:and",
			"actions": [
				{
					"type": "origins:execute_command",
					"command": "title @s actionbar {\"text\":\"Ghast\",\"color\":\"white\"}",
					"permission_level": 2
				}
			]
		},
		"condition": {
			"type": "origins:and",
			"conditions": [
				{
					"type": "origins:command",
					"command": "data get entity @s SelectedItemSlot",
					"comparison": "==",
					"compare_to": 6
				}
			]
		}
	},
	
	"eight_selected": {
		"type": "origins:action_over_time",
		"interval": 1,
		"rising_action": {
			"type": "origins:and",
			"actions": [
				{
					"type": "origins:execute_command",
					"command": "title @s actionbar {\"text\":\"Wither Skeleton\",\"color\":\"black\"}",
					"permission_level": 2
				}
			]
		},
		"condition": {
			"type": "origins:and",
			"conditions": [
				{
					"type": "origins:command",
					"command": "data get entity @s SelectedItemSlot",
					"comparison": "==",
					"compare_to": 7
				}
			]
		}
	},
	
	"nine_selected": {
		"type": "origins:action_over_time",
		"interval": 1,
		"rising_action": {
			"type": "origins:and",
			"actions": [
				{
					"type": "origins:execute_command",
					"command": "title @s actionbar {\"text\":\"Enderman\",\"color\":\"dark_purple\"}",
					"permission_level": 2
				}
			]
		},
		"condition": {
			"type": "origins:and",
			"conditions": [
				{
					"type": "origins:command",
					"command": "data get entity @s SelectedItemSlot",
					"comparison": "==",
					"compare_to": 8
				}
			]
		}
	},
	"hidden": true
}