{
  "type": "origins:action_on_callback",
  "entity_action_chosen": {
    "type": "origins:execute_command",
    "command": "scale set pehkui:height 0.50 @s",
    "permission_level": 4
  },
  "entity_action_lost": {
    "type": "origins:execute_command",
    "command": "scale set pehkui:height 1.00 @s",
    "permission_level": 4
  },
  "entity_action_respawned": {
    "type": "origins:execute_command",
    "command": "scale set pehkui:height 0.50 @s",
    "permission_level": 4
  },
  "execute_chosen_when_orb": true,

  "name": "Small Size Plus",
  "description": "You are half as tall as everyone else, but still very agile."
}
