{
  "playerSettings": {},
  "globalSettings": {
    "safetyProfile": "off"
  },
  "blockedList": {},
  "serverSettings": {},
  "titleScreenButton": true,
  "friendSettings": {
    "animatedTex": true
  },
  "keybinds": {
    "qa_1": "gWings",
    "qa_2": "gWing Flap (land)"
  },
  "editorRotateMouseButton": 2.0,
  "safetyProfiles": {},
  "friendList": {
    "28881972-8d68-494f-9af7-8ba0eacedb3e": {
      "name": "Nether_Raker"
    },
    "204fbfe1-77b4-492c-995c-20b537850f00": {
      "name": "GruffVahnSotz"
    },
    "0346275a-191d-442a-9abf-26c43a16af42": {
      "name": "kraklp0p"
    }
  }
}