{
  "version": 1,
  "displayDebugData": false,
  "leafSize": 5,
  "leafLifespan": 200,
  "leafSpawnRate": 10,
  "coniferLeafSpawnRate": 0,
  "dropFromPlayerPlacedBlocks": true,
  "minimumFreeSpaceBelow": 1,
  "windEnabled": true,
  "windlessDimensions": [
    "minecraft:the_end",
    "minecraft:the_nether"
  ],
  "leafSettings": {
    "croptopia:nectarine_crop": {
      "spawnRateFactor": 1.0,
      "isConiferBlock": false
    },
    "minecraft:birch_leaves": {
      "spawnRateFactor": 1.0,
      "isConiferBlock": false
    },
    "minecraft:acacia_leaves": {
      "spawnRateFactor": 1.0,
      "isConiferBlock": false
    },
    "croptopia:pecan_crop": {
      "spawnRateFactor": 1.0,
      "isConiferBlock": false
    },
    "croptopia:cherry_crop": {
      "spawnRateFactor": 1.0,
      "isConiferBlock": false
    },
    "croptopia:plum_crop": {
      "spawnRateFactor": 1.0,
      "isConiferBlock": false
    },
    "minecraft:jungle_leaves": {
      "spawnRateFactor": 0.0,
      "isConiferBlock": false
    },
    "croptopia:lemon_crop": {
      "spawnRateFactor": 1.0,
      "isConiferBlock": false
    },
    "croptopia:avocado_crop": {
      "spawnRateFactor": 1.0,
      "isConiferBlock": false
    },
    "croptopia:kumquat_crop": {
      "spawnRateFactor": 1.0,
      "isConiferBlock": false
    },
    "minecraft:oak_leaves": {
      "spawnRateFactor": 1.0,
      "isConiferBlock": false
    },
    "croptopia:mango_crop": {
      "spawnRateFactor": 1.0,
      "isConiferBlock": false
    },
    "croptopia:coconut_crop": {
      "spawnRateFactor": 1.0,
      "isConiferBlock": false
    },
    "croptopia:dragonfruit_crop": {
      "spawnRateFactor": 1.0,
      "isConiferBlock": false
    },
    "croptopia:banana_crop": {
      "spawnRateFactor": 1.0,
      "isConiferBlock": false
    },
    "croptopia:cashew_crop": {
      "spawnRateFactor": 1.0,
      "isConiferBlock": false
    },
    "minecraft:azalea_leaves": {
      "spawnRateFactor": 1.0,
      "isConiferBlock": false
    },
    "croptopia:date_crop": {
      "spawnRateFactor": 1.0,
      "isConiferBlock": false
    },
    "croptopia:persimmon_crop": {
      "spawnRateFactor": 1.0,
      "isConiferBlock": false
    },
    "croptopia:starfruit_crop": {
      "spawnRateFactor": 1.0,
      "isConiferBlock": false
    },
    "croptopia:cinnamon_leaves": {
      "spawnRateFactor": 1.0,
      "isConiferBlock": false
    },
    "croptopia:nutmeg_crop": {
      "spawnRateFactor": 1.0,
      "isConiferBlock": false
    },
    "croptopia:almond_crop": {
      "spawnRateFactor": 1.0,
      "isConiferBlock": false
    },
    "croptopia:walnut_crop": {
      "spawnRateFactor": 1.0,
      "isConiferBlock": false
    },
    "minecraft:flowering_azalea_leaves": {
      "spawnRateFactor": 1.0,
      "isConiferBlock": false
    },
    "croptopia:apple_crop": {
      "spawnRateFactor": 1.0,
      "isConiferBlock": false
    },
    "croptopia:orange_crop": {
      "spawnRateFactor": 1.0,
      "isConiferBlock": false
    },
    "croptopia:apricot_crop": {
      "spawnRateFactor": 1.0,
      "isConiferBlock": false
    },
    "croptopia:pear_crop": {
      "spawnRateFactor": 1.0,
      "isConiferBlock": false
    },
    "croptopia:grapefruit_crop": {
      "spawnRateFactor": 1.0,
      "isConiferBlock": false
    },
    "croptopia:fig_crop": {
      "spawnRateFactor": 1.0,
      "isConiferBlock": false
    },
    "croptopia:peach_crop": {
      "spawnRateFactor": 1.0,
      "isConiferBlock": false
    },
    "minecraft:dark_oak_leaves": {
      "spawnRateFactor": 1.0,
      "isConiferBlock": false
    },
    "croptopia:lime_crop": {
      "spawnRateFactor": 1.0,
      "isConiferBlock": false
    },
    "minecraft:spruce_leaves": {
      "spawnRateFactor": 1.0,
      "isConiferBlock": true
    },
    "biomemakeover:blighted_balsa_leaves": {
      "spawnRateFactor": 1.0,
      "isConiferBlock": false
    },
    "biomemakeover:willow_leaves": {
      "spawnRateFactor": 1.0,
      "isConiferBlock": false
    },
    "biomemakeover:swamp_cypress_leaves": {
      "spawnRateFactor": 1.0,
      "isConiferBlock": true
    },
    "biomemakeover:ancient_oak_leaves": {
      "spawnRateFactor": 1.0,
      "isConiferBlock": false
    },
    "croptopia:fig_sapling": {
      "spawnRateFactor": 1.0,
      "isConiferBlock": false
    },
    "croptopia:cashew_sapling": {
      "spawnRateFactor": 1.0,
      "isConiferBlock": false
    },
    "biomemakeover:ancient_oak_sapling": {
      "spawnRateFactor": 1.0,
      "isConiferBlock": false
    },
    "minecraft:azalea": {
      "spawnRateFactor": 1.0,
      "isConiferBlock": false
    },
    "croptopia:lime_sapling": {
      "spawnRateFactor": 1.0,
      "isConiferBlock": false
    },
    "croptopia:avocado_sapling": {
      "spawnRateFactor": 1.0,
      "isConiferBlock": false
    },
    "croptopia:pear_sapling": {
      "spawnRateFactor": 1.0,
      "isConiferBlock": false
    },
    "biomemakeover:willow_sapling": {
      "spawnRateFactor": 1.0,
      "isConiferBlock": false
    },
    "croptopia:nectarine_sapling": {
      "spawnRateFactor": 1.0,
      "isConiferBlock": false
    },
    "croptopia:pecan_sapling": {
      "spawnRateFactor": 1.0,
      "isConiferBlock": false
    },
    "croptopia:dragonfruit_sapling": {
      "spawnRateFactor": 1.0,
      "isConiferBlock": false
    },
    "croptopia:mango_sapling": {
      "spawnRateFactor": 1.0,
      "isConiferBlock": false
    },
    "minecraft:oak_sapling": {
      "spawnRateFactor": 1.0,
      "isConiferBlock": false
    },
    "croptopia:peach_sapling": {
      "spawnRateFactor": 1.0,
      "isConiferBlock": false
    },
    "minecraft:flowering_azalea": {
      "spawnRateFactor": 1.0,
      "isConiferBlock": false
    },
    "croptopia:apple_sapling": {
      "spawnRateFactor": 1.0,
      "isConiferBlock": false
    },
    "croptopia:grapefruit_sapling": {
      "spawnRateFactor": 1.0,
      "isConiferBlock": false
    },
    "croptopia:apricot_sapling": {
      "spawnRateFactor": 1.0,
      "isConiferBlock": false
    },
    "croptopia:kumquat_sapling": {
      "spawnRateFactor": 1.0,
      "isConiferBlock": false
    },
    "croptopia:starfruit_sapling": {
      "spawnRateFactor": 1.0,
      "isConiferBlock": false
    },
    "croptopia:coconut_sapling": {
      "spawnRateFactor": 1.0,
      "isConiferBlock": false
    },
    "biomemakeover:swamp_cypress_sapling": {
      "spawnRateFactor": 1.0,
      "isConiferBlock": false
    },
    "minecraft:dark_oak_sapling": {
      "spawnRateFactor": 1.0,
      "isConiferBlock": false
    },
    "croptopia:orange_sapling": {
      "spawnRateFactor": 1.0,
      "isConiferBlock": false
    },
    "croptopia:nutmeg_sapling": {
      "spawnRateFactor": 1.0,
      "isConiferBlock": false
    },
    "croptopia:lemon_sapling": {
      "spawnRateFactor": 1.0,
      "isConiferBlock": false
    },
    "croptopia:persimmon_sapling": {
      "spawnRateFactor": 1.0,
      "isConiferBlock": false
    },
    "croptopia:almond_sapling": {
      "spawnRateFactor": 1.0,
      "isConiferBlock": false
    },
    "minecraft:acacia_sapling": {
      "spawnRateFactor": 1.0,
      "isConiferBlock": false
    },
    "croptopia:walnut_sapling": {
      "spawnRateFactor": 1.0,
      "isConiferBlock": false
    },
    "minecraft:spruce_sapling": {
      "spawnRateFactor": 1.0,
      "isConiferBlock": false
    },
    "croptopia:banana_sapling": {
      "spawnRateFactor": 1.0,
      "isConiferBlock": false
    },
    "croptopia:cherry_sapling": {
      "spawnRateFactor": 1.0,
      "isConiferBlock": false
    },
    "biomemakeover:blighted_balsa_sapling": {
      "spawnRateFactor": 1.0,
      "isConiferBlock": false
    },
    "minecraft:jungle_sapling": {
      "spawnRateFactor": 1.0,
      "isConiferBlock": false
    },
    "croptopia:plum_sapling": {
      "spawnRateFactor": 1.0,
      "isConiferBlock": false
    },
    "croptopia:date_sapling": {
      "spawnRateFactor": 1.0,
      "isConiferBlock": false
    },
    "minecraft:birch_sapling": {
      "spawnRateFactor": 1.0,
      "isConiferBlock": false
    },
    "ecologics:coconut_leaves": {
      "spawnRateFactor": 1.0,
      "isConiferBlock": false
    }
  },
  "leafSpawners": [],
  "fallSpawnRateFactor": 1.8,
  "winterSpawnRateFactor": 0.1
}