{
	"type": "origins:modify_food",
	 "item_condition": 
	 {
		"type": "origins:ingredient",
		"ingredient":
		{
			"item": "minecraft:dried_kelp"
		}
      },
	  "food_modifier":
	  {
			"operation": "addition",
			"value": 4,
			"name": "Food value gained from eating dried kelp."
	  },
	  "saturation_modifier":
	  {
		"operation": "addition",
		"value": 6,
		"name": "Saturation value gained from eating dried kelp."
	  },
	  "name": "Aquatic Agriculture",
	  "description": "You find dried kelp delicious and nutritious!"
}